home_rest_days,away_rest_days,home_elo,away_elo,win
0,3,1584.5108468824706,1498.3924361299362,1
3,2,1439.5824464466384,1373.2626928902519,0
2,3,1280.8373502168417,1407.0951836221923,1
1,3,1358.6430481495956,1410.2747150977873,0
1,2,1613.7301582465766,1561.128657894702,1
3,1,1467.899604854414,1519.6283958857932,1
0,2,1439.942030538791,1548.8848960059154,0
2,1,1631.4128234748987,1352.8276008158027,1
0,2,1601.2127956390661,1381.3146651158718,1
0,3,1501.955897753583,1553.0572352205197,0
2,1,1476.5277527148821,1277.706428666716,1
3,2,1489.43190297495,1597.9703486079843,0
2,0,1518.1730238709972,1354.134628518177,1
3,2,1628.0037825055686,1567.4675913539982,1
2,1,1533.797393938978,1428.913230019443,1
3,1,1558.0823226431312,1583.9122972137266,1
2,2,1593.5416087256137,1756.6528731133196,0
0,0,1406.4259199180465,1318.14578959031,0
3,2,1560.3889513979234,1555.6301718288519,0
1,2,1476.434499627071,1355.3469829125008,1
2,1,1298.7123843381787,1534.1415137774004,0
1,0,1329.746436641135,1483.4582269158484,0
0,1,1418.5505910785052,1510.3825857969475,0
3,0,1542.4978582874064,1427.065097893741,1
3,1,1509.1039652272236,1562.44328875972,1
2,2,1514.7493365740531,1384.1313729623696,1
1,0,1656.0754786149355,1599.3309810318992,1
3,2,1398.472830811215,1467.2599754711855,0
2,0,1497.8053316653022,1387.7847458077529,1
1,3,1524.3548418251053,1627.5949458672558,1
1,2,1441.098150676933,1494.6125877752677,0
0,1,1502.2661396066353,1652.6108776353622,0
0,2,1372.0040532732523,1597.7084903450673,0
2,0,1612.7924973820022,1436.1483436170852,1
3,0,1445.4708357975653,1493.2008159250602,0
0,3,1662.5120131822803,1509.683035173086,1
3,3,1497.4020540866036,1622.104255998915,0
3,0,1582.2442852319346,1535.0014170693692,1
1,1,1495.7357704807077,1514.1034096877167,1
2,0,1497.5404934191577,1484.0096330321353,0
0,1,1453.2776533422393,1495.955437131629,0
3,1,1509.5299143493023,1604.367366854266,0
2,1,1525.4398955531237,1500.296428063798,0
1,2,1437.2593192867855,1468.400218296146,0
0,0,1489.9964467312093,1454.839426750905,0
3,3,1451.1920907154308,1455.698787693107,0
1,2,1683.973125569187,1387.8323203165787,1
3,3,1492.8215384070704,1439.9699753338816,1
2,0,1623.6185721357247,1619.873622052026,1
3,2,1484.350213535385,1483.4720591546002,1
3,3,1520.7430113227927,1556.352933484488,0
0,0,1394.2908742683785,1301.6994785679333,1
1,3,1464.2341926505708,1545.4649047172704,0
1,1,1516.8427736631397,1487.091783650471,1
1,3,1626.8803064767894,1461.4847981687592,1
0,1,1517.7586222141017,1514.4767965936906,0
2,3,1610.69762889544,1460.3339796950377,1
0,0,1551.2583288162336,1330.0900064089315,0
2,1,1630.1921071571749,1573.779835293755,1
2,1,1495.2766226155957,1519.4414049078555,1
3,0,1691.2178168521443,1474.884603620172,1
2,1,1461.1683037668702,1422.705170234205,0
1,1,1438.6830532641866,1382.4113987114292,0
3,0,1403.1957720248772,1517.9114165654446,1
1,2,1686.4819737246457,1629.0752768180287,1
1,2,1565.5558058094318,1516.253318139283,0
3,3,1473.2703413295753,1389.379071512574,0
1,2,1599.9218157498797,1518.0093381630722,1
0,0,1555.0153748094226,1495.7325630202618,1
1,0,1657.2901977100473,1569.1234900859383,1
3,1,1376.173373380807,1548.538654192938,1
0,1,1478.7711913348596,1261.1341972712062,0
1,0,1462.998289284574,1543.6193763542765,0
0,3,1342.105385887312,1419.7216472396733,0
2,2,1584.8261763823755,1386.2617006841042,0
1,2,1478.3682755357313,1484.922127170115,1
1,0,1559.170496398925,1532.877688722401,0
0,3,1688.781754746369,1368.741231177054,1
2,0,1471.7405046537913,1556.3661133646042,1
2,1,1466.3077613874275,1561.067107802528,0
3,1,1509.4931335779197,1503.7580957039597,1
1,3,1578.9797882386729,1430.590109581836,0
0,1,1454.662957975188,1421.6497596648567,0
3,0,1449.5230722294295,1582.0745705264183,0
2,1,1584.5751416193093,1379.1021850803277,0
2,1,1530.2911459070428,1585.1576368655342,1
0,0,1336.4217389596142,1486.784067269565,1
1,0,1401.9686560424714,1492.3332400285715,0
3,0,1620.0988691061768,1363.352983566934,1
3,1,1532.154262646305,1488.2626695897131,0
1,1,1439.02432551702,1549.08684128091,1
3,1,1486.3672274212015,1393.0871929718414,1
3,2,1501.0589338241336,1539.8908693801477,1
1,0,1558.8586688224132,1507.1209802943217,0
3,3,1391.3389284112968,1448.4995508934155,0
1,3,1432.7240689063633,1568.3738469193045,0
0,0,1521.8364603890711,1323.8194584817156,1
2,1,1492.013233560364,1527.7344598994966,0
2,0,1545.7487346109367,1629.5548126458634,1
0,1,1401.6394082112322,1615.1954511280528,0
3,1,1528.5702941017057,1531.1845376430817,1
0,0,1587.3266895501977,1475.8655379095323,1
3,0,1538.9454837719427,1449.1357954761895,1
0,1,1511.1289391809273,1475.7659364875487,1
3,2,1492.3293117947223,1543.5045798334324,0
3,1,1433.21190777828,1435.4204955632467,0
3,3,1494.2401126048169,1560.5939054440305,1
2,1,1600.7764682304326,1670.652841440266,1
1,3,1490.47771947199,1495.0493411898085,0
2,0,1428.8156808521271,1392.4484157373356,0
1,2,1460.620232898769,1392.420420294687,0
3,3,1516.0680237820743,1562.125244136926,1
2,0,1470.1188802255322,1495.2203056831645,1
1,3,1538.8242626450512,1570.1464716851242,0
2,1,1541.8275008599223,1457.3092600672521,1
2,1,1571.1186544323718,1566.4498838031866,1
0,2,1613.8847577812026,1487.336066124022,0
0,2,1579.6686979497888,1441.399675574084,1
0,0,1425.2608748681632,1467.9201216958093,0
0,3,1427.7172442738981,1404.235651566141,0
1,2,1493.9382818832141,1659.148764686529,1
2,3,1463.9059714208468,1492.2894549153211,0
2,1,1408.9338618431245,1551.5611270945756,0
1,2,1464.6646564661605,1457.050469370336,0
3,1,1462.038965310477,1415.8457742416142,0
2,3,1446.2521808191036,1481.289559126565,0
0,3,1474.7368411075995,1588.095402670336,1
3,3,1594.2760680254664,1458.3414566881372,0
2,2,1515.9390432999392,1430.3574421816468,0
2,3,1697.7447260844376,1512.4371395495314,1
2,1,1513.640654881572,1539.9218080574196,0
2,1,1476.7947380850198,1631.4278535082547,1
0,3,1500.3306306123893,1528.3000382697996,0
2,0,1520.5193582754832,1551.5194142824987,1
3,2,1534.820316573685,1557.5420189536258,1
1,0,1666.1369060687218,1407.7587694453896,0
2,2,1432.3743628017944,1422.9334343624364,0
0,1,1568.723684654219,1413.288296831548,0
1,1,1516.6200478091298,1393.4283395446682,1
1,1,1374.3121805943506,1563.6367899896322,1
3,1,1561.655902567581,1523.2040073331004,1
0,1,1601.4098848643123,1506.359685047316,1
1,1,1431.4258876978056,1292.5826787678184,0
1,2,1499.2852905686423,1664.4381486894895,0
3,3,1361.9716590393837,1428.4582396677156,1
3,2,1399.295483225253,1664.1450204751166,1
0,2,1583.84236620938,1384.0606815478948,1
0,3,1462.6866795194053,1435.007907315477,0
3,3,1411.295762004957,1323.7720493992297,0
0,0,1518.3568291566744,1528.9699980754158,1
3,2,1458.207005485518,1411.8994543351014,1
1,0,1462.334267377957,1414.1599876721316,1
3,0,1559.1460820539924,1390.1988626260481,1
1,3,1407.0613312852522,1562.188405019029,0
1,0,1427.5707829854534,1556.9170921254038,0
2,3,1512.3263993719095,1644.962711286303,1
0,3,1577.5527832598564,1445.1434703141622,0
2,3,1599.052824119188,1517.505549683744,1
2,2,1446.7950623710701,1396.853184207844,1
3,3,1574.990157353572,1473.1968781811745,1
3,0,1437.2686165223672,1458.4923749375057,1
2,3,1646.096747752544,1537.1559965996337,1
1,0,1409.2983179664218,1581.3617445134553,0
1,1,1606.2783048633385,1579.28533526652,0
1,0,1447.481111454502,1432.575018222591,1
3,1,1661.059716383568,1579.8774323698399,1
1,2,1547.3056583081986,1496.4731890313763,1
0,1,1418.7186776473422,1474.032248328239,0
1,3,1458.2209216365995,1443.3190810544866,1
0,2,1562.4944964178994,1455.2051364510758,0
0,2,1584.211553409245,1639.3851076956987,1
0,3,1494.342752662043,1524.592861319522,0
3,1,1503.5726624770773,1513.9689478000964,0
2,1,1560.6682426115253,1479.0202513170443,1
2,3,1510.5438741608657,1695.6782889150422,0
1,2,1396.51961125293,1604.400839107714,1
2,2,1434.9620780287855,1442.3150308160966,0
0,1,1518.8095954521332,1478.11079562363,1
3,0,1597.2385933198154,1482.8604365303272,1
2,0,1629.2785939329638,1511.669758262608,1
3,0,1562.362353661716,1443.9019205894851,1
0,0,1522.983260882909,1535.1053218689358,0
1,2,1559.9051108785982,1616.167050563145,0
2,0,1446.6599319834515,1394.909751279667,1
1,2,1487.741523179343,1409.7482610326347,1
1,3,1434.0695422928418,1461.3473155762154,0
0,3,1400.100591143383,1465.0563551913735,0
1,1,1526.6839209308964,1659.8772699796746,1
0,0,1514.8410645267795,1580.1367376011872,1
1,3,1555.012198760721,1575.545788169461,0
2,0,1543.6889464713959,1478.850744518928,0
2,2,1519.411541705909,1477.0949274570548,0
2,2,1544.5293332542044,1383.863566898768,1
1,0,1496.5853523018018,1562.5392182438254,0
3,2,1533.031311617792,1539.284368384703,0
0,0,1441.9084477850913,1602.8797891742627,0
1,0,1529.5764740511304,1483.1336229315066,1
0,3,1553.4734148228808,1488.6576683039682,1
1,3,1446.4254857542237,1513.6036422848508,0
3,1,1504.1465679194278,1571.3518060405677,1
1,3,1450.1117992296513,1382.3827502322017,0
3,3,1457.8794642787109,1558.88449069907,0
1,3,1410.0056515918277,1498.3603550261735,0
2,0,1601.2619940133245,1415.3090185637043,0
1,1,1585.2548139776038,1333.2315397876746,1
1,2,1542.994708338187,1489.0821030497318,1
3,3,1657.7756761555052,1615.8170386619256,0
3,3,1484.8603442745286,1633.9747733393117,0
1,1,1742.5409932088508,1528.4300968536077,1
3,0,1481.7976467709423,1656.9604531073799,0
1,3,1520.4154681404814,1496.5647133634604,0
2,1,1468.1777668847833,1576.2642841314225,1
3,1,1529.7860448048243,1463.9015288874857,0
1,3,1566.8491942308995,1458.8320928572682,0
2,2,1490.8866885557534,1445.799270649549,0
1,1,1642.1375877694097,1335.157684230055,1
0,0,1519.131942770677,1602.967380795753,1
0,1,1521.6388308888158,1448.6694048689587,1
1,3,1427.2801844389026,1435.8848976195843,0
3,1,1533.4799259640308,1405.602265470986,1
0,2,1489.2778223352507,1483.6512450770974,0
1,1,1451.340821653017,1641.0793848447795,1
2,3,1437.882047348131,1667.5023080658175,0
0,3,1713.741070380535,1367.1306499358334,0
2,2,1478.921819985677,1471.6441603218975,0
1,3,1383.4411663374985,1417.2513783925042,0
3,2,1444.142283221394,1579.0670192969217,0
2,1,1495.8745728419028,1522.9274837835142,1
2,2,1543.7333626093189,1449.0744538096133,0
0,3,1544.383721738025,1505.8058464472815,0
1,3,1554.1291641421221,1461.8065102873834,0
3,0,1448.4111754690136,1629.1396875499918,1
0,2,1527.2352354801237,1543.756761201283,0
3,0,1429.9152428711536,1553.585873673315,1
1,2,1450.428561358879,1286.6466017573682,1
2,2,1426.5832820399792,1494.656905693695,1
2,1,1404.9288916321384,1666.6568767247227,0
1,3,1585.1367591086407,1606.0903256029346,0
1,3,1555.088936078311,1352.2328331263757,1
2,0,1578.1332295982504,1474.9259333853124,0
0,0,1503.1450452819438,1403.8784427265023,1
2,0,1562.1446159092118,1636.8881248290297,0
0,3,1359.0968476285964,1519.5422625820727,0
2,2,1569.0470014436285,1438.576355221485,0
2,2,1514.1695864004025,1502.732635483263,1
0,3,1550.1687680119333,1291.4107576745214,1
3,3,1530.401863923889,1413.2030957234738,1
1,0,1421.035587637049,1502.9154980661049,0
3,0,1380.1568179687163,1567.6540294762658,0
0,1,1443.035666705363,1344.6948703522128,1
0,1,1545.193382501833,1469.5075753838057,0
1,2,1555.2073132140317,1580.7748590815058,0
0,0,1390.564617809451,1383.8837340501382,0
1,1,1421.5120506025428,1518.334626782734,0
2,0,1442.141145124733,1505.2779602484802,0
0,0,1471.4155951786547,1637.1504256285282,0
2,0,1391.0359335317878,1481.5891045510689,0
0,0,1386.2358587087895,1486.2719521299944,0
0,2,1434.2531762873957,1568.3967802531752,0
2,1,1506.9003068980005,1393.8921065560523,1
3,1,1405.5524528197207,1482.3293434759314,0
0,1,1490.7357192022587,1463.5419991327592,0
1,2,1584.6842252913452,1488.887054983592,1
3,3,1395.857621006919,1567.8725159170272,1
3,2,1483.484339327157,1544.3329188065738,0
2,2,1581.9805387000617,1440.1054153177058,1
1,2,1466.5385287708953,1510.935936266177,1
1,2,1454.1064247313266,1619.235329128042,0
2,0,1593.079665144518,1433.4907440962156,1
2,3,1475.503833682276,1511.613342431761,0
1,0,1588.3596020164455,1484.5471458449097,0
0,1,1534.3172312901759,1494.9595987330579,0
0,2,1472.572427767213,1369.5473902200479,1
3,1,1538.3752424478025,1612.8610283449764,0
1,0,1525.635961107683,1438.0518479289453,1
1,3,1581.6706256801979,1582.0857576122826,0
1,0,1456.1323569707986,1450.289871356199,1
3,0,1503.2964853425296,1449.959627848339,1
0,3,1495.078745631629,1597.0498600372373,0
0,2,1556.3318513311829,1579.5107682782339,1
1,0,1417.985664444466,1516.6932719171186,0
1,3,1581.3581638590285,1560.8920439845056,0
2,3,1537.3063017736333,1476.915777579488,1
1,0,1394.6459941093642,1499.330589782489,0
1,1,1596.66102603844,1447.0700486028945,0
3,1,1678.7274464638185,1572.3251959440208,0
0,0,1580.1467175639527,1444.5269335066118,1
2,0,1614.1587813781175,1618.8125075950281,1
2,0,1506.829710528207,1474.733266534414,1
1,0,1367.0796064209192,1501.6406851213067,0
3,1,1352.470363906598,1560.6982416523467,0
1,1,1520.4065635094207,1501.9091536951667,0
3,0,1452.6416953816015,1476.167334857175,1
1,1,1426.833897733812,1497.5981241753223,0
2,0,1494.980265282506,1571.5054682846066,0
2,3,1549.246823028903,1446.9718222290635,1
3,0,1383.7793962590283,1489.901039418139,0
1,3,1464.0897903775692,1500.822938186998,0
1,2,1620.7896546496252,1569.1668156422124,0
0,3,1413.97692958229,1492.012370090285,1
1,2,1569.5808949731966,1644.6639275594978,0
3,1,1461.2215390760805,1487.4769137827923,1
0,2,1543.6635007879963,1480.9853089275775,0
3,1,1587.7862005762295,1486.3174302705816,1
2,0,1559.3025413588018,1394.6686857073591,1
0,1,1572.73276817711,1417.0618522593052,1
1,1,1407.8725173273635,1457.5466488208726,0
2,0,1589.092776539304,1590.8663879080104,1
1,0,1431.7845508292144,1497.3499152510392,0
0,3,1520.763341245723,1461.2284648307434,0
2,2,1520.659694959778,1598.1227796485277,0
2,1,1538.8098047095664,1624.0941706313808,1
0,3,1526.9565340848153,1600.4305968726208,1
1,0,1432.4952017180221,1431.7528002211875,1
0,1,1392.0106070163426,1460.3801103845076,0
2,3,1569.7878943969415,1645.0988856251774,0
2,2,1514.8667662015132,1519.2911753600017,0
2,1,1591.9501472766253,1478.5898348083138,1
3,1,1496.4213652649705,1557.467836906467,1
3,0,1387.5868511458432,1580.583925388649,1
1,0,1577.2903744803284,1454.284034325739,0
0,0,1470.3703512271115,1517.5551966895946,1
2,3,1527.3602765936816,1574.1248055373646,1
3,2,1448.2032457216385,1407.1770283232117,0
3,1,1631.5441368186953,1500.987636594091,1
0,3,1429.8748140653443,1410.8488277559427,1
0,0,1473.005619671506,1421.3135602458551,0
0,0,1508.5958962157854,1454.9519938015756,1
0,1,1412.6254138330432,1538.1695630303577,1
2,3,1526.4415622870076,1474.2381897089492,1
2,2,1628.9528381973992,1448.1265500025274,1
1,3,1460.7630271445032,1504.1243650659967,0
1,0,1531.611425522538,1408.2429817386856,1
3,3,1280.0451691169155,1534.3042574267129,0
1,0,1496.8856639612127,1590.5109409566649,1
3,0,1474.9566171259037,1493.663676720959,0
3,2,1434.520191807169,1483.7880805359832,0
1,0,1586.5160375702826,1529.8752282572455,1
0,3,1473.9005054700938,1337.7224464934764,0
3,3,1485.801801032513,1542.9453965278294,0
2,2,1469.8245700168743,1748.150864299589,0
1,1,1346.654730258794,1490.1859023108223,1
2,0,1409.4410847938432,1490.4699973026936,0
2,2,1576.8874788896173,1559.4885600079747,1
3,2,1331.2039482496023,1631.626613455837,0
1,3,1438.6947720307435,1577.9974275547308,0
3,2,1468.022395496819,1327.5514497133158,1
3,0,1639.4897493833253,1545.0719070130197,0
0,0,1561.4883012397095,1705.754411619334,0
0,3,1455.426357835752,1549.7952837407572,0
2,0,1604.361095769244,1407.63184693826,1
0,3,1440.7587343599105,1522.5463699534891,1
1,0,1580.7279842987205,1397.5450198927147,1
1,2,1391.2898203261589,1598.6242951415088,1
3,3,1585.8606265431326,1423.529392957766,0
3,1,1467.5093083623212,1505.939490775362,1
0,0,1417.7196607246983,1431.3775998406522,0
3,3,1482.6285109538949,1456.2841553961607,0
0,0,1522.187534377617,1618.8920516688395,0
2,2,1460.420125557943,1508.2765731914958,1
3,3,1544.316280479626,1455.2638021019425,1
3,2,1453.3604893068746,1408.3817623290622,0
0,0,1549.6297915145087,1350.263881088045,1
3,3,1535.377764962928,1399.8975493181852,1
0,0,1495.126155623365,1508.9567393155503,0
2,2,1464.689415010724,1578.4187014978131,1
1,2,1512.1232636612212,1455.171880606224,0
1,1,1544.020299442696,1625.6434880575212,0
0,1,1664.9439322185287,1442.5999662217419,1
3,0,1575.1536337438545,1480.9590621696098,0
1,3,1578.0791959852672,1413.6338623730198,1
2,0,1747.0809755888226,1579.2609387654284,0
1,1,1541.2766781414275,1667.8008491235655,0
1,2,1538.7714809049362,1359.0546431251041,1
3,2,1556.3212059457323,1472.3070345092242,1
0,2,1419.2827217929398,1601.182387764003,1
2,2,1464.4878690864996,1384.2443582859519,0
2,2,1459.5064586646133,1545.334712557687,0
1,3,1551.8091181775649,1597.7177760166057,1
1,1,1486.066035022304,1506.258305148547,0
0,3,1511.0578740379442,1544.0210456752106,1
3,3,1586.996369611877,1640.8721908902087,0
3,3,1569.052059096331,1655.8741243280917,0
0,3,1487.0623197567002,1495.0426229572413,1
0,3,1446.4003922497423,1457.4097720560615,0
0,0,1590.8219785322551,1426.4015911141043,1
0,3,1561.9112944727892,1578.157132034297,0
3,2,1371.4994545363695,1390.2579553767225,0
3,1,1474.9476848873376,1479.7940769607037,0
0,2,1513.241236961341,1508.2151816763574,0
2,1,1562.3063773696824,1459.7597989824997,0
0,2,1572.8081195951818,1522.3856212015298,1
1,3,1522.7124800940378,1705.1610654634205,0
2,0,1546.8198025087086,1490.2721127722766,1
2,1,1505.1309441902522,1465.167549805809,0
3,3,1446.0918649455552,1581.2265459505481,1
0,1,1479.0988487166996,1519.1666915316418,0
0,3,1501.5192949312086,1615.14686169691,0
1,0,1497.2256599985128,1513.1750095855775,1
1,2,1349.1541676445224,1480.1261433623174,0
3,3,1468.2013332056456,1357.3020089524357,1
3,3,1504.496452247132,1370.4212244950609,1
1,0,1477.490400647544,1353.1441047658318,1
3,3,1480.2540963590732,1530.3471333027392,0
1,1,1539.039309664367,1391.0200416106031,1
2,1,1413.6834250361094,1600.4461892735505,1
1,1,1369.7566228839032,1502.4197251884764,0
0,2,1472.146416733066,1480.4650464718666,1
3,2,1561.1291524401431,1432.491593983653,1
0,1,1635.004243158931,1549.7806998616165,1
0,0,1562.5702591275792,1435.6401744366071,1
0,3,1382.5388992104922,1421.1697596744095,1
1,0,1481.4106208498583,1595.067993648428,1
0,0,1520.5307504865223,1528.3696928620018,0
0,2,1514.2072893538873,1481.2056457401382,0
2,1,1543.14436423543,1551.3146387786974,0
3,2,1426.636084283139,1500.714549848856,0
0,3,1505.1954470040594,1530.6410520361346,1
1,0,1533.6258263820903,1434.6521678099637,1
2,1,1566.0536762642928,1665.6318887128498,0
3,2,1435.5425466709767,1453.630402585902,0
2,3,1472.3874506205682,1624.4813061559983,0
3,2,1283.6945855941328,1484.890492055642,1
2,1,1450.283042593778,1564.567769252397,0
1,2,1458.0468085623165,1558.737879922091,1
0,3,1418.4332393466045,1591.7481404120037,0
3,1,1513.2489720186122,1432.7501034268685,1
3,3,1495.5243654363785,1586.050832102309,0
0,3,1319.2628897937911,1647.7151880729152,0
2,1,1517.2406375441406,1479.3045616606514,0
0,0,1425.7340695368778,1502.7764853713697,1
2,3,1538.8551167352412,1458.1242686015876,1
3,0,1397.4519001817068,1472.285099825192,1
0,1,1502.4005230824753,1636.913823914599,0
1,0,1477.3469336890796,1419.6612379095836,1
0,2,1524.2481507960265,1424.6304942519382,1
2,1,1509.9757822121078,1628.87207491315,0
3,2,1479.5868659982837,1549.963874071069,1
0,3,1377.0982148764604,1669.629619923402,0
1,3,1381.8233629231174,1463.9649089739316,0
3,3,1453.2890448726225,1510.1024909790056,0
1,0,1499.337609285633,1447.1458444982557,0
0,1,1451.3401642240706,1511.4640934918157,1
1,0,1550.0169544463572,1358.0722642172557,1
2,3,1477.6623264630653,1554.7963645324007,0
2,2,1422.7989820176392,1525.877926679387,1
1,1,1477.7522965609674,1495.3956270027265,0
3,2,1518.0687869053243,1468.7708540320268,1
2,2,1525.9907775059667,1428.419681010552,0
1,1,1650.2703305594503,1558.2170329626208,0
3,1,1446.4872527997265,1406.3128011437275,1
3,0,1494.121707072768,1540.9516729639395,1
1,1,1534.0899157455542,1665.9561115847566,1
0,1,1498.1261632639348,1618.8417190915438,0
2,3,1459.9505483209077,1379.5897645863477,0
2,3,1376.0594258924605,1457.0609551725358,0
0,3,1459.1332352757588,1533.716059244427,0
2,0,1414.1038069825759,1494.377446238852,1
3,3,1361.8714655100978,1388.0475425374063,0
0,1,1436.345692666353,1530.8252761178792,0
2,1,1416.2326623386837,1499.198648390696,1
0,3,1546.702923623436,1653.1460326883025,0
2,3,1548.0873469931435,1479.7417037906043,1
1,0,1427.68965683353,1593.4402708261273,0
0,1,1479.1817095549502,1398.632927749602,0
3,2,1351.340587030997,1417.7592561682793,1
0,2,1460.4528039853844,1557.7329567847592,0
2,1,1531.9185520561878,1586.69846244859,0
0,2,1565.9950311691282,1423.4085819140487,0
3,3,1442.9562334646948,1501.926192518713,1
2,0,1584.1483888422015,1389.4736661176737,1
3,2,1378.7446462789223,1485.5024138955616,0
1,2,1400.1897760684965,1566.95382284993,1
1,3,1556.77294925103,1465.2033200691085,1
2,1,1633.6896982850599,1480.0772235244958,1
3,0,1539.4745590546956,1409.616368136316,1
3,2,1496.772609077279,1448.131326910006,1
0,2,1324.3853002782234,1640.648873297147,0
2,1,1338.2042355165217,1505.8339913373707,0
0,3,1510.3527629516695,1419.8153786679522,0
1,3,1471.354986434306,1474.8182440065607,0
3,0,1411.5331854278306,1372.205790306675,0
1,3,1505.2426064664041,1418.867224628783,1
3,0,1509.2105094006247,1608.8271791237162,1
1,1,1575.5532694832218,1488.6014060490716,0
0,0,1510.928182641016,1651.2584140880965,0
1,1,1598.2715494667507,1492.3721729203155,0
2,3,1500.6395223639051,1497.1217043046804,0
3,1,1490.7732004154132,1551.27153268337,1
2,2,1585.1449748997745,1286.192993422448,1
3,0,1421.7247295966852,1516.3951458922859,0
3,2,1725.1557962612928,1496.0810809551238,1
3,1,1530.020598253339,1618.8831114812117,0
2,2,1530.466340227014,1577.1743515330893,0
1,3,1542.0076779178078,1409.3046651562559,0
1,2,1650.1709180265314,1599.3710894902065,1
0,0,1563.4005929338086,1479.0148379535203,0
1,1,1371.595521679686,1427.6437418963164,1
3,0,1612.2776307814004,1515.7682600696962,0
1,1,1472.7282736443985,1483.7784515468945,1
0,0,1508.572405827146,1623.077225122282,0
2,2,1397.6596822259787,1527.2497622792969,0
3,1,1542.0961614499117,1516.4527136708805,1
3,0,1447.890056794596,1572.0517666284352,0
1,0,1508.013571039478,1587.429729447417,1
1,3,1477.2720795711373,1562.688407543784,0
2,3,1654.0010241388682,1613.5570778251963,0
0,3,1658.580824011647,1548.694593033103,0
1,0,1503.7210536171792,1513.4121171781362,1
0,1,1505.1182169095084,1599.1337649670422,0
3,3,1470.1245626920388,1492.7283087934288,0
2,2,1588.4805033202229,1502.659721307573,0
3,0,1473.6864103733299,1637.7261533837532,0
3,0,1466.293018028344,1629.7539302364185,1
3,1,1578.2874290931973,1499.3459354461343,0
0,3,1456.9360723746681,1463.7158738155506,0
3,0,1496.9795972441175,1617.0538800166798,1
0,3,1373.4951374791206,1564.0334686332171,0
1,2,1556.3352276098533,1525.246500335789,1
2,3,1655.2693551345494,1474.2501831848044,0
1,3,1557.6980298239835,1526.5357262971675,1
0,1,1616.9439334037843,1498.2633232089838,0
0,3,1432.3118291058136,1446.8529456341603,0
3,0,1518.905942562256,1510.3233862869788,0
1,1,1424.547206050449,1521.2339236511687,0
1,0,1481.7787563534926,1469.9683946463815,0
3,0,1561.7769181882004,1572.3060550887615,1
0,0,1508.145649048264,1603.106591384879,0
3,0,1386.9887181919023,1577.591815492433,0
3,0,1394.7976715569798,1477.9001291828804,0
2,1,1389.5068854807382,1560.4657203350698,0
0,0,1539.3162071951672,1506.2369117968033,1
0,0,1665.1115628525336,1401.1403217147238,1
1,3,1608.9966595200171,1553.8183502798197,0
2,0,1348.3211840683148,1511.690531276556,0
0,0,1613.6860750455828,1707.4838401655447,0
1,0,1574.9120333611718,1616.5816690622848,0
0,0,1376.3760043576995,1556.892012554762,1
2,2,1475.7438706631601,1519.9336401030544,0
0,3,1587.6417929196648,1513.0977804046415,1
2,2,1544.034680874783,1419.7048477093513,1
0,2,1395.2723958089612,1360.8810218240071,1
0,0,1548.8593724636955,1430.1952712734749,0
0,3,1328.999952313553,1496.1826385463655,0
3,0,1482.1742259394232,1331.5568577432814,1
0,2,1591.0365415520039,1456.4542566181801,1
1,1,1501.4715372457056,1480.190957350046,1
2,3,1460.0849960030444,1482.7658757211634,1
2,1,1571.1477003017878,1447.0621121449485,0
2,2,1577.9801452069264,1472.678894849488,1
3,1,1604.803175429356,1637.911506249909,0
1,2,1569.947394275711,1552.9716225192483,1
3,3,1586.5099835149717,1455.1759378481481,1
1,2,1558.6326845950027,1494.5321769310428,1
3,1,1521.2422919293178,1497.7349331478185,1
2,1,1507.160719981105,1438.563565300788,1
2,2,1481.0192224722077,1438.4695825804915,1
3,1,1403.010536555222,1580.841921626137,1
3,0,1423.5750792944152,1466.4172497986547,0
3,1,1477.4388414451832,1412.4242890375303,1
2,0,1519.3161727681943,1496.5487724744446,1
0,0,1615.265007840341,1509.44078025033,1
1,1,1496.656221769959,1342.183662064493,0
0,3,1580.278103270213,1496.7402913746246,0
3,3,1586.3452525145697,1569.438394747861,0
0,1,1481.4842561848968,1536.0983508417467,0
0,1,1547.5752169096147,1678.3836092155977,0
0,0,1480.5177566620112,1600.0887585849744,0
2,3,1605.7708715262781,1615.9147219800682,0
2,0,1550.8674670612745,1724.0068748731462,0
3,3,1404.7612996249316,1560.652500941968,1
1,3,1512.9219721723077,1513.0456166346162,0
1,2,1631.8489729459104,1577.8992234745065,1
0,1,1485.501517236264,1455.2610853284004,1
0,3,1535.8172024076055,1508.6149055595974,0
1,2,1543.6703070191315,1448.1817885537348,1
3,2,1417.070168066832,1531.8387646050305,0
2,3,1540.8566359370811,1447.8472729584144,0
3,3,1388.49318783723,1445.0457200110625,0
0,0,1449.9500714878884,1533.0778634484404,1
0,3,1586.0578373995354,1488.9830847375547,0
3,3,1528.5405032246686,1345.7983091426602,0
0,0,1475.6417753802777,1383.5554462950329,1
0,1,1535.716881699615,1408.218680683083,1
1,3,1495.1926201795895,1429.362247510882,0
3,0,1501.0062801881465,1533.153866358291,0
2,1,1552.545482137611,1517.5151077657308,1
0,2,1441.8105807472693,1585.222349735936,0
3,2,1503.2269124443753,1560.2241458353417,0
3,3,1475.0185444314677,1585.7522364946126,1
3,0,1373.1517300319795,1548.67169531673,1
3,1,1426.363539500056,1516.7743447273192,0
0,3,1625.4565157651066,1587.9481393830124,1
3,2,1530.7778651668186,1573.553023339208,1
1,0,1394.1129358878889,1530.0876294043194,0
3,1,1376.771649932127,1601.6857496688115,0
2,1,1491.0268879911532,1312.3369405997282,1
3,2,1624.8949226541185,1476.762946068764,1
2,1,1485.0593492156518,1475.5367627478615,0
2,2,1604.5599642723214,1592.2146301985256,0
2,1,1528.1544616654926,1625.7115997560616,0
3,2,1537.7000366276716,1383.985650383179,0
2,0,1393.1423592556343,1612.893373931942,0
0,2,1575.0018337399806,1406.2843851178984,0
3,3,1473.2054370181115,1408.702780355134,0
2,0,1569.0473962888727,1481.257143813811,1
1,1,1434.866401441111,1474.5434822293932,0
2,2,1514.163947800793,1375.3266176226498,0
3,2,1528.1602363150105,1551.9902378794054,1
3,2,1487.6773346739308,1554.352193978128,1
3,2,1532.3636154468925,1584.3233276930937,0
1,2,1478.6882339845993,1465.3235736177708,1
3,2,1448.0752197566976,1496.8333828022041,0
1,0,1628.4386706235173,1497.5658268077887,1
2,3,1583.9162293089153,1635.0396353174772,1
2,1,1439.130820396146,1273.2604173893426,1
0,0,1545.475544447569,1423.4444520808718,0
1,1,1440.5856916239077,1500.4432674233437,1
0,1,1405.225228507014,1413.1543812067598,0
0,0,1582.704755311918,1479.3343714183106,1
1,3,1363.6720299482076,1489.9139570904072,0
1,0,1574.1484730861232,1447.3851112966024,1
0,1,1479.7822149941553,1505.1575140882137,1
1,1,1483.0762717535576,1550.251942220625,0
2,3,1532.780097569863,1481.09868439752,0
0,2,1546.4959049595402,1463.7444212825012,1
1,3,1433.8925458536874,1486.7388066676901,0
1,0,1557.418048700005,1499.4050922683527,0
2,3,1509.0696430420178,1360.7744347732462,0
1,3,1399.5156165705569,1536.9243134369024,0
2,1,1486.410041313621,1463.9199016442565,0
1,2,1610.502321244714,1600.922805984884,1
1,0,1634.1275838596557,1547.284278051398,1
1,3,1557.3878766086941,1593.6053123375725,0
0,3,1404.7725209465304,1419.1196965028073,0
2,1,1539.248552196471,1470.2890687050058,0
0,2,1568.0688723087355,1400.6033210034072,1
1,1,1558.0566386654978,1443.5847032856539,1
3,0,1562.7963430950335,1600.1684339606873,0
3,2,1529.0610463398025,1618.9992462337996,1
2,2,1494.2070128935566,1408.1493364156431,1
3,3,1451.3306003276784,1463.3377865346174,0
3,3,1348.1651585198804,1493.9043462380841,1
1,1,1527.171341337068,1546.8484513447825,1
3,3,1514.8842274921751,1359.2151789170807,1
1,2,1544.6060674259852,1371.759993477725,0
1,2,1392.9965045365684,1539.1700915097922,1
2,2,1551.6013351452048,1344.076914486566,1
3,3,1664.3636075696622,1464.2562075088904,1
3,2,1506.276010462233,1512.9673446847073,1
1,0,1495.0667744634768,1533.2532775946495,1
2,0,1524.7201884868562,1488.6625523564935,1
0,1,1662.586961976827,1470.7394624761976,1
3,2,1418.1081790640087,1567.5656687773183,1
2,2,1516.2565546715125,1522.8164741092605,1
2,1,1436.0274062161884,1448.2386702438832,1
3,2,1456.2396223324004,1503.017831734579,1
2,3,1496.0327753694448,1530.6535218124955,0
0,1,1607.7858593290848,1637.4589793161106,0
1,1,1644.079248055099,1562.9058934633263,0
0,2,1535.8513715701365,1597.1645484763155,1
2,1,1469.8724221581213,1451.1514082960296,0
0,3,1699.4191093310815,1458.0653674995997,0
0,3,1465.7956414936384,1481.169600574961,1
2,2,1454.309126851221,1488.5141882689468,1
2,1,1358.004556433702,1419.3580033757687,0
2,2,1611.6873255395794,1601.2746901245455,1
3,0,1577.4596473897036,1570.6681310207034,1
3,1,1693.4244428893157,1475.5457710958794,1
0,0,1388.83813182255,1551.3368519211083,1
3,0,1616.6536645983288,1517.831933040307,0
2,0,1505.61084146929,1557.58623847451,1
2,2,1564.4880173440108,1392.4554301179496,1
0,0,1368.1778287116424,1488.3471141442053,1
2,2,1617.4465458132238,1495.3569177675363,1
2,1,1562.9213401065465,1549.8913679689322,0
2,1,1496.8871972171025,1449.7249919054293,0
0,3,1551.6090150128898,1300.0055420734084,0
2,2,1438.76037591662,1413.4640225853664,0
3,2,1453.644793153464,1495.1161611431273,1
2,2,1462.9244309099684,1505.1107380402666,1
0,0,1351.7817710647778,1634.6998498099988,1
3,0,1568.9406795362693,1546.619715252648,0
3,2,1595.3274891346052,1506.5224223385192,1
0,3,1443.8924680188927,1497.408697857485,0
3,0,1527.8562412755855,1588.3346705735755,1
1,0,1478.756762029661,1452.791163827405,0
2,3,1526.2619169664824,1488.777296980752,1
1,3,1449.7938207031177,1412.8593503889358,0
3,0,1429.325987512989,1613.5124838956244,0
3,1,1584.1659908818995,1531.399914960129,0
3,2,1494.8903531900405,1443.3981363196842,1
3,0,1661.768716068278,1490.8435991745353,1
3,1,1503.7047971835311,1540.7720610565025,1
0,1,1425.9137567719606,1479.942486982218,0
1,2,1598.155270114875,1457.242350262992,0
2,1,1550.4640131316817,1447.6581051212536,1
2,1,1558.1498290957138,1527.1169519392893,1
0,1,1595.2480543094334,1471.3556576631452,1
0,3,1447.7762964923365,1463.6993812189803,0
2,0,1489.819735281177,1393.1150595955676,1
2,0,1486.2840134809765,1506.2112461221736,0
0,0,1396.7402770467506,1485.5021248966473,0
0,3,1478.9127879873406,1474.268132108643,1
0,3,1606.910356630146,1515.9016541990975,1
2,2,1518.9870483035077,1559.8401810188718,1
0,0,1392.315093772401,1556.1252377552375,1
2,3,1375.5328470668053,1544.218280071981,0
1,1,1633.1820846998617,1480.7463777091423,1
1,3,1492.7744791795897,1454.6401331247007,1
2,1,1448.2071835438705,1416.486748694205,1
2,3,1478.0806588082398,1452.5474794129534,1
2,3,1381.8153796546135,1501.5720076109255,0
3,0,1613.8476119609295,1437.0971102678013,1
3,2,1468.5557649931177,1507.6845711293954,0
3,1,1609.3921222190738,1422.7634657670508,1
2,1,1504.1321371557851,1367.1206488794382,1
1,1,1614.3625579654752,1565.5524896691836,1
0,2,1520.5355599234467,1462.0468323707323,1
2,1,1568.258613029526,1433.0373077420886,0
0,2,1557.527443687067,1412.4922286962048,1
3,2,1549.8632853001577,1533.842877978432,1
3,3,1527.8347581746168,1609.9926169174373,1
0,3,1481.3719427107533,1467.7540911195085,0
3,0,1653.2347753258289,1482.7549300269934,1
0,3,1427.445041192328,1585.7305471911259,0
2,0,1500.3446113874527,1355.164343651335,1
0,2,1501.1908700166077,1657.3494914330133,0
1,1,1532.1952602674817,1695.5280241861096,0
2,2,1465.64218832844,1283.4929976463934,1
2,2,1525.179704447167,1492.1997416866595,1
1,3,1486.4925931837627,1442.4842374504349,1
3,1,1373.4437986049682,1478.8182583276214,0
3,3,1500.7641829005477,1466.5291944307262,0
0,1,1411.9547733575878,1564.9407278783488,1
2,0,1361.249139004088,1490.9944074425607,1
2,1,1510.9498656551507,1427.1274228640034,1
1,2,1539.0306673615653,1486.22518709639,1
2,2,1542.135843368366,1541.1827389569928,0
3,3,1545.3736565615754,1405.3022937787775,1
3,0,1345.392878324751,1368.3013048824016,1
3,1,1391.1186457674025,1659.4194240668255,0
2,3,1657.8817149450938,1448.6058656233251,0
1,1,1416.2232991938372,1489.011761046438,0
3,0,1548.8672824909352,1468.1763675339541,1
1,3,1445.0449902667324,1543.8470163265713,0
2,1,1506.3738191414052,1641.8231938472836,0
1,3,1449.3396638181125,1546.3947073383426,0
1,3,1544.9232923695715,1378.5307881968008,1
0,3,1510.941929385336,1389.2701258393176,0
3,2,1464.1368181084613,1468.0828179738467,0
0,3,1415.9862304255432,1478.5413440373386,0
0,3,1521.421935799401,1362.243898436272,0
3,1,1402.9824960765927,1565.5472736139552,0
2,0,1534.198483369667,1413.0943553694817,1
1,1,1710.118792722952,1619.4641249700605,0
2,2,1608.013604100961,1645.6506077764577,1
1,2,1557.467830951533,1480.1397173894259,1
0,0,1493.151416180708,1535.1178112334549,0
2,2,1344.8997898397179,1401.4442222332639,0
0,0,1394.2170883279853,1549.894106118329,0
2,2,1602.623428488217,1460.1446061252504,0
3,2,1436.8195135900176,1413.0211742729316,1
3,2,1444.0598321468763,1476.8532009397613,0
1,1,1486.7479619452783,1462.740159327571,1
3,1,1415.0362992922755,1473.9872477596996,0
2,2,1401.8585012358692,1575.9743922253087,1
1,2,1495.9620741774863,1437.1753925891414,0
0,3,1428.677643626237,1638.80183998191,0
1,1,1440.7185136176884,1393.9952293739716,1
2,1,1437.5047179082396,1629.2344218542876,0
3,1,1541.7888171067575,1418.6791502474646,1
0,2,1481.4299447603714,1499.9189413970707,0
2,0,1485.7142425684917,1460.7843109217583,1
3,1,1547.7556717847106,1472.5017062769716,1
3,0,1488.6368313413648,1564.1085789084439,0
1,2,1477.7396985234261,1619.986143778305,1
0,3,1537.6360284456136,1595.2419763964513,0
1,3,1553.4558274846104,1467.6114934126522,0
3,1,1488.2341200393116,1514.7404177923643,1
3,0,1506.4486220496417,1437.433770106531,1
2,0,1437.4567816213337,1420.6759749940245,0
0,0,1431.145356546838,1408.2959275417065,0
0,3,1561.5318001573446,1464.9941354412697,1
1,3,1535.5953650035697,1519.9684504811953,0
2,2,1536.4238750733261,1347.0547872198797,1
0,0,1522.4683478980419,1496.2917037935388,1
2,0,1503.6962620651964,1621.282009963962,0
2,3,1555.7129512658216,1589.75288552593,0
0,1,1574.8087008818227,1453.1852738778666,1
0,0,1572.8982404152518,1388.2501672573771,0
1,0,1491.9377667243211,1536.786424517186,1
2,1,1610.959418392707,1314.6057399833999,1
3,2,1518.2768545385857,1588.812329270614,1
1,3,1550.5900954052638,1482.9130033693407,0
1,1,1522.5670312667903,1646.504025646192,0
3,2,1519.760536598734,1361.8427611538827,0
1,0,1441.1398407799745,1573.4516980166268,1
1,0,1556.108067067586,1491.959293054864,0
1,0,1727.6235515926112,1473.5159574822335,1
0,3,1470.0163940167934,1390.4125227830284,1
1,2,1505.6795772339958,1547.6598325369373,1
2,3,1464.303578852219,1554.0909907821485,0
3,0,1460.9584078750452,1642.8102241572713,1
2,0,1623.5559582494939,1580.6440210288474,0
3,3,1446.1623185818028,1452.488373683541,0
2,0,1462.073562130691,1419.6909933105987,1
0,0,1373.0005741014959,1390.5206853182092,0
1,2,1439.3910620366203,1617.8579476511577,0
3,2,1363.328008563732,1437.7460572577706,0
0,0,1550.5443759369543,1618.4183895177046,0
3,1,1723.9757777469847,1542.0057632689654,1
2,2,1470.6656965079583,1526.3922305275169,0
1,1,1366.659365360781,1475.4505349951762,1
3,1,1571.9999731543787,1552.85383304018,1
3,0,1441.8460032855874,1498.7623389730559,1
0,1,1603.9477544442832,1470.4629366824952,1
0,3,1477.4376761768044,1555.680382931856,0
2,2,1449.4547448733776,1488.4822312623096,1
3,3,1485.763395540345,1436.133217700894,0
0,0,1560.622140874895,1547.986142036852,1
2,0,1481.8063495395475,1494.8811475497148,1
0,2,1460.2620237765036,1539.1128009406243,0
2,0,1484.0934717616904,1463.691211331665,0
2,2,1398.2515852399292,1403.2702956255234,1
0,3,1531.7625281835185,1638.805917001142,0
2,1,1357.0618724924072,1623.728912861086,0
3,2,1464.4702836507588,1570.7027969009569,1
3,2,1560.7508167064595,1468.975145170058,0
0,0,1524.2438626346172,1475.9745621471143,1
0,3,1547.2256458389113,1610.5861956717172,0
0,0,1494.7963461824952,1471.6935969946069,1
1,3,1593.5796944788412,1449.395517092216,0
0,2,1573.9759357415833,1649.7787740509161,0
3,0,1535.691280339814,1496.1857854708903,1
3,2,1574.2036621850834,1641.4740262811076,1
3,0,1560.0338843522861,1388.1286471447997,1
0,2,1464.8429189322487,1541.4547906227601,1
0,3,1392.4880870646932,1665.6866079373292,0
3,3,1533.62897006741,1502.380059572709,0
1,3,1543.6871384665144,1478.8796406185763,0
2,1,1587.2377592910852,1406.5798465921264,0
3,2,1425.0942979963766,1586.5874443548198,0
0,1,1427.485515257827,1438.389753388745,0
0,3,1536.7920213046216,1492.4153152488009,1
0,1,1494.306640891753,1401.2398176165912,1
0,3,1349.1390711543097,1624.5515680077947,0
0,1,1530.0086531003353,1592.3908248580547,1
3,2,1351.8061668008836,1497.4732200629496,0
2,0,1424.37947585013,1407.6680851530457,1
3,2,1608.1345098288086,1622.8725639394106,1
3,0,1645.9903214245692,1470.7254618362283,1
3,0,1402.747490522243,1411.5836127345985,1
0,1,1473.6486770069844,1359.0305590021965,1
1,1,1503.4098018462964,1448.322789448498,1
3,2,1642.4981542065254,1383.6289501976048,1
0,1,1460.5704841740478,1450.174333078174,0
0,0,1461.8492781573377,1559.5526986958173,0
2,1,1623.898044677029,1469.9679868819812,1
3,1,1470.0168677825393,1528.4554705690969,1
3,2,1557.7761367173166,1442.1332272374214,1
3,2,1381.8285627910059,1505.2135253091385,1
0,0,1486.3013804726138,1653.6720657668816,0
3,2,1367.2322529338876,1472.1211137578482,0
3,2,1415.5652975235437,1530.7543550095727,1
2,3,1567.136108412181,1374.7578218025249,1
3,2,1496.007568713063,1621.6084897933497,0
3,3,1474.4715407557621,1461.8234696844108,1
1,0,1440.1000300815265,1584.04269199252,1
0,2,1482.3475141406973,1490.1455763392876,1
1,0,1524.0890533680556,1548.9263492016646,0
0,0,1578.6332965169408,1553.68099417688,1
0,3,1289.9882652722558,1463.8047728389827,0
0,1,1433.4591060589753,1587.352514860948,0
2,2,1512.7276993751204,1439.281210880552,1
2,2,1492.0909507230172,1562.2347376022035,0
2,2,1532.270099402138,1468.7835764666775,1
2,0,1521.4032228901242,1527.9646358905648,1
2,0,1475.6105709605274,1463.040559811659,1
2,0,1457.8517443210258,1503.9980779765276,0
0,3,1480.35988082116,1414.0245038646585,1
3,0,1591.8993879858194,1519.8045587751035,1
1,2,1441.439365367543,1503.535026796767,0
0,1,1494.9754621484835,1456.7877156742022,1
3,0,1514.6673771198737,1495.5977626887764,0
2,1,1624.8280743899566,1510.7203580934329,1
0,0,1475.975339341095,1450.691435738791,0
0,0,1576.7045324808769,1489.6993139416265,0
0,0,1598.558352261202,1419.5558447284063,0
1,3,1494.899658800748,1687.6586431168805,1
0,2,1483.142481673859,1584.7294928166548,0
2,3,1473.6757062361428,1521.8475284505241,0
2,1,1479.5341492605935,1593.7690341981356,0
3,0,1568.3391888461467,1341.6598018652978,1
2,2,1518.480798180441,1295.3856209732794,1
2,3,1518.8231767335897,1468.0567150600075,0
2,2,1409.9821191696133,1389.7148685118314,1
0,0,1422.6007938099813,1481.0715580441336,0
0,1,1671.4757459821585,1516.4525312475919,1
2,3,1485.7739419769048,1573.6331598672489,0
0,2,1438.0182403537312,1408.938881257983,1
0,3,1614.4879332471437,1531.9704548928057,1
0,2,1522.544683894684,1501.1511754521787,0
3,0,1546.2523933491618,1527.8007447946468,1
1,3,1488.9562339774773,1458.418243939712,0
2,3,1474.5061527538558,1610.6508111889696,0
1,2,1486.4330902002168,1491.7193081256219,1
0,3,1389.38094637611,1641.9345778803015,1
1,0,1492.9658072464083,1436.7689077054222,0
0,3,1523.6826461634093,1559.4261871964443,0
3,0,1648.0370587075004,1495.2265215551577,0
0,3,1506.8799252004173,1473.780606666659,1
1,0,1313.2658366231756,1550.5852272374036,1
3,2,1492.4811653772304,1476.0661216648327,1
2,3,1719.1603306486645,1287.0427730274137,1
1,0,1569.3092987988032,1254.9705501460553,0
2,0,1435.1288844953128,1601.793772822724,0
3,3,1547.2885211544444,1598.4206766303757,0
1,0,1440.6389260088208,1650.9872757004757,0
2,2,1391.6953984362515,1498.5977401374257,1
3,3,1472.1304509412741,1396.5892158401687,1
2,2,1507.322115139109,1466.4332925879198,0
1,1,1350.2275598053284,1500.913961228905,0
0,1,1408.067256756909,1419.4369420571913,0
0,2,1500.8268450545884,1631.8859778379094,1
3,2,1467.3461459208836,1679.160230371499,1
2,2,1531.5849016916873,1538.2624560584143,0
1,0,1402.826533815315,1499.1309002641444,0
1,2,1557.129099884264,1396.4026417220455,1
2,2,1405.2992722351844,1623.7147116924841,0
2,2,1631.4187441550105,1506.1045448679238,1
2,0,1362.7393372497347,1476.8668481271511,0
1,2,1412.5956583693269,1538.493927093963,0
2,2,1533.3896642425464,1453.1430776808652,1
1,0,1633.138660119811,1511.7500138497455,0
3,3,1525.2034428892937,1384.6026519323473,0
0,2,1545.0286336145914,1586.9669751401948,0
0,1,1501.4029521338448,1491.647116709146,1
1,2,1417.8881236707846,1592.704068850721,1
2,2,1460.7889321408497,1483.9091057726705,0
2,2,1403.047222401498,1489.1040232972816,0
1,1,1397.7032025778503,1403.0146057366435,0
3,3,1532.1399135455797,1560.7805578414514,0
1,3,1410.1457614329631,1429.9328036781526,0
0,0,1525.564320537869,1461.0862101440616,1
0,2,1395.8541798223123,1500.083774886603,0
3,0,1523.7106416093404,1509.6979346951484,0
0,1,1460.905394482963,1363.5122447825793,1
3,3,1612.5292426920516,1481.5355307609586,1
1,0,1525.8975116463253,1563.618417491497,0
0,1,1598.8626314395312,1469.7329572380877,0
1,0,1439.5482626859846,1482.0214596629344,0
2,2,1504.4914672195334,1512.9924840674182,1
1,1,1421.5130273506977,1489.9231653962402,0
3,2,1466.9115805804465,1417.5587598089917,1
2,3,1479.0316621804297,1497.0923101066476,1
1,2,1441.931342345029,1579.5258536004717,0
2,2,1402.7597712923443,1415.9059242186327,0
3,0,1386.9186141077878,1470.0414488411345,0
1,0,1312.8201507434082,1389.469494085194,0
0,3,1415.4922829197235,1575.3105560392275,0
1,3,1550.1995117337476,1492.6113434529698,1
3,2,1372.1201174389373,1431.984029311531,1
0,1,1390.5501722997356,1507.381248011454,0
3,0,1643.2718856986332,1403.7119828083637,0
2,3,1449.0803160121397,1417.3203574831675,1
2,3,1525.683680733187,1383.1893176118576,1
1,0,1551.3853717200395,1414.657660995408,1
3,2,1553.0020903825025,1608.5870067199844,1
0,2,1378.2148615513552,1441.3505334973922,0
1,1,1481.5152256080407,1537.2980098121184,1
1,3,1370.5418184385287,1433.0958864035263,0
1,0,1695.7054287128258,1560.7626996610575,0
1,1,1372.409978878752,1417.9134399254947,0
0,0,1416.1727824904144,1503.1382342209406,0
0,2,1416.7519316126795,1504.228104789516,1
0,2,1380.2671618621696,1686.2244269141274,1
2,3,1608.2075127805235,1550.4340230384132,1
1,2,1693.7958320866796,1452.5676788536582,1
2,0,1461.9400704549905,1554.803917092041,1
2,1,1394.3661482524471,1671.0539576388167,1
2,0,1321.0459601019184,1369.6291127612565,1
2,2,1480.4713025182318,1432.6014365945018,1
2,2,1474.6907661470846,1481.0481952709365,0
2,3,1447.8963098911884,1466.6329418286439,1
2,1,1517.7100203180983,1473.37946413361,1
2,1,1531.6138514252389,1395.6614187525406,0
1,0,1525.846660635032,1612.316484284001,1
0,1,1474.710010242521,1386.1913121218704,1
3,1,1411.870253634059,1483.9829752302,0
1,3,1553.2666478245374,1583.666447340856,0
2,3,1501.0011007537225,1497.5852114283318,1
0,0,1571.0686019867721,1421.6484666477784,0
1,1,1563.2060439577785,1392.1059474900833,1
2,2,1386.2590344762307,1481.6000643177774,1
2,1,1385.2622234033918,1439.4376347319626,1
2,0,1439.5567425007578,1516.4184873362383,1
1,3,1415.4987673367466,1387.8839081820656,0
3,2,1560.420142078088,1565.0428589510097,1
2,2,1528.1047740790334,1509.243961853157,1
3,1,1587.934719502825,1515.1869115481982,1
2,3,1531.7189453928734,1615.2861422592014,0
2,0,1516.6919665498694,1464.9763601302507,1
3,1,1595.9783824275337,1441.9346644213422,1
0,3,1537.5781871788038,1456.17890973225,1
3,3,1505.4480770750174,1484.5978744381393,0
3,1,1618.436242714455,1492.7228084166936,1
2,2,1509.214470652223,1433.5441810718582,0
2,0,1475.6527516065662,1338.1531797573552,1
2,0,1432.974139297788,1455.125679929677,1
1,1,1556.242036723633,1528.7860533029511,1
3,3,1598.9640433473976,1510.9006645002794,1
0,2,1495.9530078853256,1595.9643575860662,0
1,1,1604.633249902387,1656.4389235171031,0
2,1,1342.398797442274,1560.7467017166775,0
3,0,1495.563730015367,1610.6016513926581,0
1,1,1496.792407031645,1561.3419433810495,1
1,0,1441.8404502074122,1636.7919404741906,0
0,0,1690.7088830385499,1648.0682907433015,1
0,2,1494.704589384899,1576.0932136623142,0
0,0,1467.3815382716452,1556.5104117139667,1
0,0,1502.0769690746804,1483.5814262450106,0
3,2,1339.7749009179336,1496.6930175228872,0
3,1,1439.2105659724068,1472.9730134919791,0
3,1,1578.6591975556323,1549.7001288716044,0
0,0,1449.684371605378,1442.372157011252,1
0,0,1433.6899869759782,1484.7115032176073,0
1,1,1604.762050921152,1311.586409185736,1
2,2,1607.2203520761464,1637.8471915818009,0
1,1,1541.3592377728914,1482.3620333930946,1
1,2,1463.5906132769067,1536.446434986926,1
0,2,1480.8423147906942,1616.6229355769121,0
2,1,1435.6680030740033,1524.0234749952945,1
1,1,1420.4181504777084,1615.5474961674745,0
0,1,1416.4466809353255,1400.6609750278906,1
2,0,1450.5556474571833,1691.790127167816,0
3,2,1417.2223207452205,1586.9688158791012,0
0,2,1374.903590516548,1516.7361993989314,0
1,1,1517.5522135803124,1614.0063466100357,1
3,1,1518.767646471475,1406.5092091208503,1
2,1,1636.0634206742652,1476.9108096984405,1
3,2,1446.5329305316238,1615.5400317121903,1
1,3,1523.6880471698616,1350.6351855284029,1
1,0,1525.0170063419841,1544.8366219967045,1
2,1,1479.6929951099573,1542.5740927876122,1
0,0,1559.5466870999742,1657.538065345773,1
0,1,1562.0183349480571,1373.363566422221,0
2,0,1526.192887615803,1628.7704845625308,1
2,1,1479.5488235961764,1455.2423405480877,1
0,1,1471.397591315637,1464.2392432070517,1
2,1,1390.5796880962353,1402.2396490432166,1
1,1,1435.5265777105847,1412.971837002646,0
2,3,1450.239398087865,1532.281787796314,1
3,3,1410.0822590056453,1411.0134468174915,0
0,0,1535.193917335013,1559.2227466922332,0
3,1,1595.7302295189609,1446.9627162424197,0
1,3,1427.355005413668,1402.9572955321082,0
3,2,1522.675314859571,1457.7752682912085,0
1,0,1417.2711088376232,1526.9365753405045,0
1,2,1475.606226324867,1477.8117390455184,0
3,0,1444.7736336657779,1502.736809466624,0
2,0,1548.1516518885153,1555.6965969468868,0
0,2,1445.6969460926257,1586.593716129356,0
2,2,1580.9328330965318,1475.1923753128456,1
3,3,1480.342338107024,1416.4622387539073,1
1,1,1448.0317032324135,1506.0875583138013,1
3,3,1399.735579012387,1537.6519668883257,1
2,1,1520.256360823628,1383.141975522244,1
1,2,1571.6174721780944,1428.7513362393931,1
0,0,1521.86570052295,1442.4650483229648,1
2,0,1679.106533313154,1483.3742249023699,1
0,3,1614.3829961976335,1439.1172877098572,1
3,3,1475.3977788226387,1556.563258007752,0
2,3,1474.5578052954345,1371.5893438833266,1
1,1,1537.5757375588282,1373.622504224446,1
0,0,1432.9584655659453,1473.288895079083,0
2,3,1593.303064522599,1485.9477756688116,0
0,2,1528.9280417474868,1383.6284901713516,0
1,0,1520.5167128686826,1451.4600925881948,0
3,3,1554.9562934216654,1467.916494606473,0
3,3,1637.8263906695247,1468.5361642382284,0
3,1,1513.6764281750004,1512.1505186631432,0
3,3,1490.9567703302891,1447.073689246115,0
2,3,1620.6975698658064,1618.2269040006618,1
0,2,1577.4040332792908,1539.0563711786858,1
3,2,1474.3216127693022,1435.4309183486941,1
3,1,1500.4149158927216,1507.560919469406,1
3,3,1515.630473275104,1509.9212254884485,0
2,3,1528.9450355683987,1597.1777179598225,1
0,3,1391.472011924871,1451.969405686692,1
2,2,1376.6012313758752,1561.3870958176458,0
1,0,1429.0087982398036,1503.3483580625982,1
3,1,1422.8209245590926,1619.3253213159012,0
1,1,1448.4940788821998,1603.2713162111527,1
1,3,1550.7768513672004,1515.758344367408,1
0,2,1486.4856674940208,1479.0173903187151,1
3,2,1515.7115684008152,1540.5284727743565,1
3,0,1402.055727196619,1485.5639978298268,1
0,3,1463.0686237663244,1634.4245684782668,0
1,1,1546.9806129395872,1506.277606254161,1
1,0,1547.596196654144,1467.548589398973,1
1,3,1442.0340937449673,1463.230793114086,0
3,0,1512.9329909103642,1402.9571531841034,1
0,0,1675.9078282785865,1544.5247302474659,1
1,0,1498.592165659549,1434.3991037888397,1
0,1,1444.5450443086045,1587.8518601750197,0
0,0,1486.0990088510273,1396.5651956798743,0
3,3,1507.3741686021467,1510.17931591786,0
3,2,1487.906529544756,1592.0179006797962,0
0,1,1497.4916239458798,1327.820234830109,1
2,0,1384.5242562450528,1661.4612435033748,0
0,1,1422.989561993124,1465.9771842241512,1
0,0,1488.0531810342802,1511.2876305729712,0
1,3,1486.7785623982052,1545.7159380413075,0
0,1,1454.7048580112,1558.0903244892443,0
1,1,1485.8389131138852,1521.9107150607745,0
3,0,1504.8811884331365,1579.7907666965093,0
2,0,1571.153076521962,1541.5256570337451,0
2,0,1492.0630611819158,1640.8704912025844,1
1,0,1531.9282564238601,1541.7862034283678,1
0,2,1456.6719758852864,1657.170841590647,0
0,3,1545.7676578878786,1572.0863072190125,0
1,3,1530.0584238089884,1355.539989938539,1
0,1,1569.2653602543855,1708.8882142710272,1
3,3,1557.076836995559,1454.0524713218224,0
3,2,1547.0988498304916,1619.6435212161389,1
3,0,1492.1266073073775,1502.1434754495551,0
2,0,1519.5951381635575,1584.8872206082065,0
2,2,1585.080714276122,1444.9216871307365,1
2,1,1447.8340344477765,1550.059563447167,1
1,0,1449.7273777042508,1479.7447563684475,1
2,3,1514.514511836029,1626.3202489271912,1
3,2,1533.2223752212362,1535.0934533933607,0
3,2,1434.0714800588796,1574.8754113041252,0
2,3,1494.0189949269354,1326.8738502821543,1
0,3,1492.4800980616972,1493.15418561691,0
2,3,1322.7775907517223,1532.8441308046636,0
1,1,1482.4324808592992,1517.8891925151765,0
2,3,1487.4145733721227,1576.892577097428,0
2,2,1487.1765645741584,1470.7276603890036,0
3,2,1613.2731419661814,1503.9029684027705,1
1,3,1402.73613611929,1594.4981411531994,1
3,0,1434.030194303631,1317.7048797243715,0
3,1,1291.0243361344533,1547.1480401310673,0
1,0,1461.5266667060687,1473.2892139205157,1
1,1,1468.3485156699198,1427.0145500357103,1
2,1,1459.2018258932594,1526.9235379420784,1
3,3,1588.6141871587008,1598.1961037446924,0
2,3,1568.849401786957,1583.1315065187346,0
3,1,1506.2285379413843,1489.1909575274697,1
1,1,1470.350955716811,1570.059277100876,1
2,2,1582.095173448549,1569.4454318756675,0
1,3,1498.4193712131319,1493.0102983605466,0
3,3,1434.5383968865233,1444.5535558409433,1
1,0,1362.7001058012358,1449.1812775102137,0
2,0,1464.6948404883453,1567.028267909451,0
0,2,1560.3714893738088,1496.6282549029847,1
3,1,1682.1230951634473,1416.305422421553,1
1,0,1504.9288276951581,1365.21097315927,1
1,0,1438.7715587903756,1566.5465161677103,0
2,1,1405.2027833372629,1456.257726218862,0
1,1,1544.156391704448,1526.4310204524786,0
3,2,1358.8307158092584,1599.1765525655298,0
2,0,1544.0276081123911,1395.2860418517212,1
2,2,1565.416928501033,1496.3890095589725,0
0,2,1534.9023562586292,1486.3444683024904,1
0,1,1482.4270662449153,1530.3794300502368,1
1,0,1545.195252283745,1599.1327998736347,0
3,2,1513.675069690264,1393.6438548270073,1
3,2,1437.7500926511527,1545.5838358964613,0
2,1,1648.032985790002,1582.521901999496,0
2,1,1471.8656496311587,1485.0898348834573,0
1,2,1562.0601840359927,1489.0042405685501,1
0,1,1306.510857384343,1533.4759495187939,0
0,1,1602.1176706224744,1527.5853662311831,0
1,1,1617.5010995723665,1546.5882085893697,1
1,1,1502.386702970131,1544.9024421120973,0
0,2,1544.7016827790208,1421.442215550748,1
1,1,1544.681214528605,1579.2213198163954,1
0,1,1448.577314428742,1593.3426529752192,0
2,2,1543.7697844351471,1514.8866314952238,1
3,1,1435.3095624101957,1380.4675754760267,1
2,0,1451.299446108374,1490.8203435199928,1
1,3,1590.1554514569839,1515.5524701552454,1
1,0,1577.9726152560163,1408.4319809770545,1
1,2,1443.4899598307366,1471.1889549138389,0
0,1,1441.3138925199169,1387.2504489953167,1
2,0,1448.3522718033862,1548.5833779989155,0
2,0,1558.6111653172393,1513.2764251921642,1
0,3,1420.0012175351683,1368.3373468148604,1
1,1,1528.5370111228763,1528.1171889265584,1
1,1,1559.7477448507436,1495.4792842087768,0
0,2,1492.940363976552,1541.3131426203524,0
2,0,1580.8050957491942,1468.6774052995659,0
2,2,1475.6551864408166,1435.881647940558,1
2,1,1482.8915519204868,1438.3324298833754,0
2,2,1421.8203015094514,1456.9463826761275,0
3,0,1581.3741878096164,1501.5060077264839,0
3,3,1438.6783642416904,1511.8366772339834,1
2,0,1527.9817454172048,1484.7424097753517,0
3,2,1494.2947146299252,1466.1344360802784,1
1,2,1415.777354951067,1471.8877385595615,0
3,1,1451.2717484941343,1700.6179828405548,0
3,0,1610.6297791232587,1438.3419878801433,1
2,1,1516.1326034107585,1455.3622393163046,1
3,3,1419.2679726906526,1763.5083286694519,0
2,3,1524.4262629878954,1533.681064196844,1
2,3,1488.3108774724365,1389.6015467277043,1
1,0,1776.3237121795346,1567.414976318181,1
3,2,1522.8099073073818,1427.1968888639083,0
2,0,1469.550012234691,1572.7249206244078,0
3,2,1613.6022334229683,1483.1230176503454,1
1,1,1352.7171066165724,1464.8163320408473,0
3,2,1507.545612510488,1628.7331975062066,0
0,2,1659.554279574486,1545.3121082127395,0
0,3,1490.7040572512196,1577.8391549959365,0
2,1,1361.3359164281537,1534.7935743615958,0
2,1,1468.3265628471522,1464.4444380965522,1
3,2,1616.3614432767229,1548.9083536206567,1
1,0,1530.0855677056618,1596.737231414757,0
2,0,1432.8915112389986,1510.7790434814042,1
2,2,1445.1805754256782,1644.1314083477205,1
3,3,1455.223978308015,1568.0389762561526,0
2,2,1528.8958307243197,1516.9586039817289,1
1,3,1607.0556906350923,1520.1189224814254,1
3,0,1584.1938410239336,1510.97897031741,0
0,1,1536.4809745687303,1399.9008971524006,1
3,2,1393.4684191954013,1492.7942243353116,1
0,1,1393.7653988805248,1517.6949188272933,1
1,0,1542.660161697101,1466.7131902986778,1
3,0,1392.3623121653684,1527.0141614963757,0
2,3,1481.9546383145116,1501.7045992284088,0
3,2,1524.332035694894,1561.8953512879016,0
2,1,1408.9924803709848,1553.0489904852584,1
2,1,1418.059013251291,1513.3722630067873,0
1,0,1492.4703148345745,1390.6229686958402,1
0,3,1540.2920230019242,1643.2578190944937,0
0,0,1584.9215016331004,1488.6487201143086,1
1,3,1548.5642747816441,1493.5290837043894,1
0,0,1505.8925275993756,1472.598332104049,0
2,1,1440.304419715436,1460.927067514757,0
3,1,1414.3274403324385,1623.524643840042,1
3,3,1459.1298329336682,1610.8835456308864,0
1,0,1532.7948467984454,1535.5514722862138,0
3,1,1526.9298965301875,1491.399987645542,1
3,1,1332.0078411419902,1549.5294388011002,1
3,1,1437.1458377385998,1505.90375854155,0
1,0,1596.3606041284925,1484.782166534152,0
1,3,1506.3372038243313,1527.0484737205063,0
3,1,1386.639286951761,1464.7073802443645,0
0,1,1688.465694527852,1520.1811411202746,1
1,1,1497.6846614148187,1516.3376740497308,1
0,3,1530.7467167450727,1548.2348817006339,1
3,1,1531.9619804836107,1450.4690434019512,1
2,1,1470.5923627071852,1556.8109082301232,0
0,1,1441.7941054542885,1427.4950805639596,0
0,1,1669.7339988052752,1454.194667870301,0
2,0,1580.25646956942,1457.6859952683405,1
2,2,1565.754976088694,1414.2358582101058,1
3,0,1546.103135337457,1581.252982670853,0
1,0,1419.7346087710653,1422.4758019048163,1
3,0,1602.202415339222,1444.0866930074662,1
1,1,1432.5493873590601,1600.4326168389314,0
3,3,1522.6629438520517,1454.353383851708,0
0,2,1368.8488075628345,1484.9485851889522,0
0,3,1336.7312919481983,1419.0376799266771,1
0,1,1525.4632962122491,1566.6360966098148,0
1,3,1435.2720586244072,1567.7388995352853,1
3,0,1340.8665942962182,1559.1156723298757,1
0,2,1543.248760235766,1543.0023862555156,0
1,3,1669.606461684063,1505.887128881558,1
0,2,1611.164820686405,1458.0498666449612,0
3,3,1479.4145691787462,1434.8024554667184,1
2,1,1500.7076245357557,1603.1924421409335,1
3,0,1571.016500542713,1561.1843417381272,1
2,3,1589.7702415867925,1444.5356618239662,0
2,0,1472.517142493944,1503.1865414578508,1
3,3,1502.7342172579658,1475.990792561199,1
0,2,1524.049184541163,1409.74314354354,1
3,3,1544.3101056223065,1514.2121101297041,1
2,1,1489.3538846390986,1466.7605868608644,0
2,3,1490.3931803945004,1423.7970666963452,1
1,0,1610.386586380351,1381.669395668659,1
3,1,1596.761656195431,1374.8957199835463,1
1,0,1538.192845874887,1470.285909784429,1
0,3,1637.5287256018344,1493.1924023660067,0
3,2,1469.0843390218865,1429.9759351870148,1
0,3,1629.8378758903505,1552.0591542125783,0
0,3,1543.401235482844,1494.756276657363,1
2,1,1761.6820897771672,1546.150824847892,1
0,0,1404.6014458574018,1485.3671367849834,1
3,3,1444.8523798226126,1437.0305891834316,0
1,1,1533.5038262560438,1509.129405691089,1
0,0,1531.7787242383195,1398.9860390385343,0
3,3,1656.0111187340015,1543.1550816509318,0
2,3,1446.5300253360374,1425.0280634789492,1
1,1,1572.3934814955107,1573.458602122676,1
2,3,1592.9970403745597,1472.923540300647,1
2,0,1556.3718265776517,1585.0026813047934,0
0,0,1423.1202926460544,1410.1901449129348,0
3,1,1612.6207044203359,1445.7784239416944,1
1,2,1598.3459945052332,1530.4747957478855,1
2,0,1547.9667615832302,1593.6397674741404,0
3,0,1516.3478149767163,1633.3287126651937,1
2,2,1518.0886408035497,1503.30929309447,1
2,3,1493.7011366208499,1647.0196504629405,1
1,2,1551.2628107402113,1476.8268360139655,1
0,3,1502.4907882355983,1587.9014097890379,0
1,3,1432.1180019717888,1424.6255202432556,0
3,2,1416.1126684137926,1533.6160405490602,1
2,2,1439.8370997078166,1312.6645567314845,1
1,3,1517.7705794039562,1410.2727190677501,0
3,1,1497.8435330851835,1537.3341438464613,0
3,0,1517.2275034631,1395.0048918239581,1
3,3,1540.065050683689,1534.1559688631348,1
1,1,1449.8143259266496,1572.516649664989,0
2,3,1617.252813467628,1459.8943845825377,0
2,1,1478.583133836202,1422.4837635460642,0
1,3,1465.3258412174794,1462.0650707316208,1
1,0,1538.5908989865961,1422.735014465265,0
0,2,1353.0791838099942,1491.9029153587267,1
1,1,1436.7572440221666,1508.1672499910464,0
2,1,1578.4858238953466,1475.5191901522553,1
3,1,1361.006245675031,1633.9487392149458,1
3,3,1589.4059357546525,1442.447694425042,1
0,1,1620.8909253087309,1611.314654340425,1
2,3,1470.4435729741,1416.7008610950309,1
0,1,1523.3450213941048,1505.822205595324,0
2,0,1589.526966788082,1594.6484326838456,0
1,3,1462.6568649565183,1590.5085721802654,0
1,0,1569.4220416420944,1466.3793681839811,1
2,1,1446.3080963895463,1544.4055776057075,1
1,3,1461.7918165333456,1533.694326693138,0
3,3,1436.053082854002,1456.8048657125807,1
2,3,1527.4117759355843,1549.2759949718459,1
3,1,1592.637524205244,1648.9993737641898,0
2,3,1485.2709654306268,1537.7360532050104,0
1,1,1398.3000672070077,1545.3085103256537,1
3,2,1413.3834542170548,1553.7723982560567,0
1,2,1531.5679537096432,1383.1218714115887,0
2,0,1647.5293130715415,1536.8179738565032,1
0,1,1531.4979999451518,1418.6592340129178,0
0,1,1469.0482759478998,1452.809044744176,1
2,1,1561.2947173480227,1672.9553424950802,1
0,1,1480.8401091530602,1479.7390712272952,0
3,2,1469.7371826108636,1440.786071656462,0
3,0,1423.323271544379,1592.2066063121115,1
2,0,1612.6759075397085,1424.1858397726098,1
2,3,1296.863366600347,1464.2064684648258,0
2,1,1563.8287360223414,1599.9241734388934,1
0,2,1462.900404976197,1503.4214052246368,0
1,2,1467.172741483871,1375.0722363898776,0
1,2,1635.385212489425,1543.5191691458094,1
3,1,1442.869512623996,1468.2827294362794,0
0,1,1445.5944676777272,1623.1881189224196,0
1,3,1489.5684608864376,1451.5050441892693,0
1,3,1533.107790864979,1584.098077898074,0
0,1,1464.6515374165704,1642.055842589257,1
0,2,1374.0912855571291,1431.9245420950742,1
1,3,1430.7441455294588,1484.5429583393445,0
0,0,1602.5067085171615,1531.090021931556,0
0,3,1505.982143130841,1431.412339795666,0
1,1,1536.0869826963058,1521.6235957366264,0
0,3,1479.086303426157,1482.0063769995206,1
2,2,1447.2401843061384,1480.3945942725309,1
0,3,1634.205555990033,1503.915071416649,0
1,0,1484.9446514359136,1505.7011772462852,0
1,0,1464.53040963783,1513.1104615260833,0
3,3,1587.6913893084272,1452.0938923634571,1
2,2,1442.2111712906092,1455.5862620520197,1
3,2,1452.4218124980803,1490.5129928940137,0
1,0,1500.8197347213518,1496.4193887011363,1
1,0,1500.0216083270543,1464.8920528042706,1
1,3,1520.7689078322571,1525.9151713668814,0
3,1,1667.333527151639,1354.8190601059841,1
3,2,1526.8998597081895,1441.562699287284,0
3,1,1309.755682979936,1477.6057739037717,0
3,1,1526.103915474525,1431.5107850375516,0
2,0,1503.030399559168,1630.3358411847112,1
2,3,1503.4760019481166,1501.508947737996,0
3,3,1519.6757847516938,1514.1415742580723,0
1,0,1497.705736986016,1461.341543362763,1
1,1,1495.7910325555688,1498.7376863701631,0
3,2,1549.0435367816629,1402.7797228557813,1
1,1,1456.63353622444,1486.414637112394,1
0,2,1424.185093148866,1425.0393257123396,0
2,1,1741.9025162097912,1477.807713219507,1
1,0,1442.7314044975014,1295.2066746958003,1
3,1,1508.0114329968062,1409.759743324518,1
3,2,1380.3471799299707,1617.1141123611467,0
1,0,1509.3174732041139,1566.4318199286033,1
2,3,1425.3419559448532,1605.5231468732186,0
3,0,1464.602164571999,1611.017701573674,0
2,0,1583.60517326169,1553.8389939331582,0
0,2,1537.7607654702458,1463.7705051696691,0
2,2,1545.4727619659855,1417.01992429875,0
2,1,1358.303612928651,1591.7395684359758,0
2,1,1646.951613586321,1505.1654379509912,1
0,0,1404.64949512465,1699.5218253105525,1
1,2,1622.2848651435093,1470.7921619191397,0
3,1,1581.7235092785188,1657.8316683824385,1
0,0,1546.1866193427745,1487.4566567443396,0
1,1,1431.6012175273295,1606.883887780696,0
1,3,1512.1271875855618,1635.7353389785965,0
0,1,1462.3262871484112,1418.164005745543,0
0,3,1502.3231657204233,1461.2001537367305,0
1,1,1480.0102192731551,1417.3616619441175,0
3,0,1336.9111594742074,1401.604440939342,1
0,1,1589.742732078767,1553.365348041996,0
1,1,1493.511427476051,1484.2697303800783,1
0,0,1461.215968039821,1504.189305855211,0
2,2,1455.1738213736185,1544.4991307978623,0
1,1,1528.6767661093415,1351.4090533028068,1
3,2,1428.4994929364423,1602.9412803165644,1
2,1,1319.5859553220766,1472.0724669328065,0
3,1,1532.570384256662,1542.5921044990287,0
2,1,1541.5282398365457,1549.6570271382839,1
1,0,1484.0294540257894,1609.6637248611073,0
3,2,1408.1677699847992,1491.6114089773573,0
1,0,1507.1148432711427,1330.1090032765655,1
3,2,1382.8374105349128,1504.5702090762848,0
3,3,1417.8215522649873,1516.056548652928,0
2,3,1439.944165079667,1417.2591312687907,1
2,1,1567.5151256713245,1511.7992523546352,0
1,1,1470.9911239650467,1471.1185252218966,1
3,3,1464.1706870578832,1392.5796840573992,0
2,1,1656.3754012328998,1553.7187916007426,1
3,1,1528.196999775097,1454.9019879281764,1
1,3,1527.119560837986,1467.4896628210345,1
3,3,1470.423940383298,1462.9936922170332,1
1,3,1452.2902665890579,1598.8382877971317,0
0,0,1325.0874847986279,1496.7267070581286,0
0,3,1577.4992425538846,1506.3279856436657,0
2,0,1535.8647764605103,1464.7491076490883,1
1,2,1485.666720542927,1537.0293457803923,1
0,3,1489.0218638530996,1607.9454438760538,1
1,2,1558.8915409808844,1551.8288653989205,0
2,3,1375.6231941536118,1554.9493569067886,0
1,1,1452.8094934756955,1548.4984164707475,0
3,1,1409.0957709685977,1389.580588535107,1
3,1,1641.7207425989398,1429.9104934640688,1
2,1,1570.052442548264,1483.60100851207,0
3,2,1323.7845887091707,1441.930876600542,0
1,1,1378.899069868802,1414.8370380195202,0
0,2,1489.4123461314011,1350.225940730354,1
0,1,1462.204783034206,1392.2776629492687,0
3,1,1394.0494233538489,1479.4779554125919,1
3,0,1655.5809790120393,1494.4458906544892,0
2,2,1525.0031931186063,1436.555697909554,0
0,3,1537.9853058290473,1506.314017014658,0
1,3,1444.638804061423,1465.29330872733,0
0,1,1557.78193177424,1587.2458869899078,0
0,1,1469.565379121439,1487.069938878013,1
0,2,1477.3325461034,1555.7064705121372,0
2,2,1548.8801567860207,1516.2571009835754,1
0,0,1369.680194795176,1387.8343168604756,0
3,2,1627.7622287880786,1492.747345941026,0
1,0,1514.59113717791,1401.1500720537053,0
1,0,1602.475536702434,1491.3503329426462,0
2,2,1413.9664194704944,1440.389534621545,0
3,0,1426.1467900777445,1530.5570426787847,1
1,1,1407.047982272015,1392.6116530027039,1
0,2,1520.0238138131872,1501.176146022355,1
0,2,1505.2786641534597,1545.7932466050556,0
3,1,1462.8470544615056,1572.6076455447196,0
0,0,1418.8744645691777,1438.8665793692621,0
2,3,1398.6722984215326,1501.420077776574,1
1,3,1496.1212879623474,1514.731757832926,1
3,3,1462.753057632912,1623.7701023634215,0
0,2,1445.151440611339,1381.493595139989,1
3,1,1623.7671588905287,1427.1117963943161,1
2,3,1493.4139457445813,1724.3569994188865,0
1,1,1601.603434714154,1478.152217283522,1
0,0,1457.3398253853843,1348.720495207738,0
3,3,1519.5821027038926,1453.3959885321467,0
1,1,1495.5619186994932,1278.4901422828511,0
1,3,1364.19021523855,1519.2736569964923,0
1,1,1614.267064501113,1564.7827808222576,1
0,3,1489.1877114374067,1427.0670099064998,0
1,2,1559.7134575706368,1462.3420862198795,1
0,1,1439.8377022030752,1573.892332429513,0
0,1,1486.812449473619,1359.9827628123144,0
1,3,1430.6518112061317,1394.2743030240363,1
0,0,1598.8798786210714,1481.7507854627488,1
1,1,1524.912747796054,1439.8132130026545,0
3,1,1529.364282134471,1476.4906482021129,1
0,2,1608.6547317683983,1398.8999744474781,1
0,1,1592.5073037519219,1517.1450788737206,1
0,2,1561.2274028909028,1488.0613531856009,0
2,1,1386.261812237003,1543.9352395386427,0
1,0,1444.3456704386654,1516.0319600384234,0
1,0,1419.6889491190918,1516.535205799682,1
0,2,1558.202695490064,1384.2954116375909,0
1,1,1513.6521553400041,1539.4073241315898,0
1,1,1388.7590053095523,1473.5306878556446,0
1,2,1484.9004629591018,1486.6721353880305,1
2,1,1380.4710131424977,1583.8611501112648,0
3,1,1495.7474809544192,1442.4451554786483,0
1,0,1367.5701996810253,1608.0947462767201,0
3,1,1542.3061994707691,1615.5580239498474,0
2,2,1530.2370100827259,1560.2227549891497,0
1,2,1652.6358794677506,1421.5503351386062,1
0,3,1567.8298631597875,1325.0965403498456,1
1,3,1466.1668595341998,1586.3067931407952,0
2,0,1565.4456074619588,1508.9108049064864,1
0,1,1388.1868895243856,1440.384202334283,1
3,1,1423.0021917055133,1593.8849875004482,0
1,2,1526.6514025660088,1431.0752895297753,1
3,1,1327.340026980166,1466.0675793415246,0
2,3,1497.0271372052894,1541.9912291453595,1
1,1,1418.3789366305264,1410.9117734708097,1
0,2,1508.104564412261,1491.2415272314347,1
2,0,1413.781091356219,1587.130974713069,0
1,3,1533.939850996415,1516.8888594896905,0
0,3,1501.546193893391,1599.7941069458946,0
3,3,1612.0292733505064,1590.68818864048,1
1,1,1500.5387627281298,1500.6190667537296,1
0,0,1438.5085756030826,1313.0606898914089,0
1,2,1480.2491315338173,1411.5382163827755,0
1,1,1392.4610882386614,1561.0667289907592,0
3,3,1532.4909803764351,1375.979886377177,1
2,2,1547.1880197052217,1473.864592913044,0
0,2,1697.5356829354255,1527.0784490951226,1
0,3,1450.2531207516477,1617.5656556609208,1
2,3,1478.5764341059853,1453.998424283647,1
0,1,1453.9393180449429,1448.5209832733497,1
1,0,1516.969096090498,1495.80433868036,1
0,0,1530.5352427583691,1528.0730375848082,0
0,1,1495.7300124457192,1487.6602538083125,1
3,2,1586.9060733498425,1583.941467910865,0
0,0,1450.6416396996178,1436.0684933577222,0
0,0,1578.8939238312569,1509.6128746703234,1
3,2,1543.0798282912865,1535.6170168197616,1
0,3,1499.0376064080842,1467.9813752075315,0
3,0,1474.8050687394284,1567.1767949247974,1
0,2,1694.1334206985096,1511.916683299388,1
0,0,1434.6393079406337,1563.1076570521818,0
0,2,1523.834654157473,1515.5283286439067,0
2,3,1439.9824743806294,1530.1123657189783,0
2,3,1642.8496598897045,1449.4086594520516,0
1,2,1570.9461063039362,1449.5382635847022,0
0,2,1445.7320096927085,1597.9517183943021,0
0,3,1541.0075994744982,1550.8408355616266,0
2,2,1520.6156577021245,1418.1627867022078,0
0,1,1458.6700190420208,1514.4690739723865,0
2,3,1560.6531373782539,1310.097915717166,0
2,2,1531.1444312883527,1454.0847869040467,0
3,3,1517.2558971108763,1576.8822141295925,0
1,2,1496.6464231006137,1489.9883529031072,1
0,3,1534.484359407972,1509.4330135732826,1
1,0,1518.3510129193967,1258.689500278383,1
3,0,1504.7274666420014,1468.6197105491078,1
2,0,1448.718726720995,1527.061777906177,1
2,2,1635.5012992609993,1537.2231900318673,1
1,2,1415.9664045321163,1576.9884569067492,0
0,0,1534.2108975103797,1483.1793798581257,0
3,0,1474.3807406158853,1486.747534990068,0
3,3,1640.763781555944,1393.430605647211,1
3,3,1427.7213970220928,1483.6382768661442,1
3,2,1441.1789390591734,1399.073995008176,0
1,1,1422.414554939054,1352.1703904155665,1
1,1,1525.8772040760489,1413.1856503911538,1
0,0,1390.1559472345086,1620.6947926243176,0
3,0,1461.7177204193788,1478.3551038789378,1
2,3,1327.8107341716573,1517.5901890418693,0
1,1,1519.2337083302473,1458.9202999041554,0
3,2,1459.982811299499,1356.7559184438483,0
2,2,1380.9554604854518,1574.8890499943766,0
3,1,1586.8487522379246,1326.2241488115528,1
3,0,1395.3866481292048,1455.6165858566674,1
0,2,1563.7554952022572,1495.630809531995,0
1,0,1443.9167340809756,1518.4391714743883,1
2,1,1628.125710231634,1441.8824316376904,1
3,3,1559.9640431140917,1352.963081355602,0
0,2,1419.3561703300777,1435.912536613165,1
1,3,1426.6333958231755,1440.099360990427,0
2,0,1548.4420164179448,1438.1525203875935,1
3,0,1479.0097495431867,1577.6046872166082,1
0,1,1486.4525994382907,1402.9117777488686,1
2,1,1601.7791089417678,1524.0783419550528,1
1,0,1440.1048901304034,1512.6637629774332,0
0,3,1507.3035017740362,1576.8364061977336,0
2,0,1576.3702234921846,1489.3494502610456,0
1,2,1564.729399070848,1563.2904773758046,0
2,2,1487.2309865983461,1486.222388952472,0
1,2,1476.8875295317873,1534.7514021267841,0
3,0,1360.8947629983254,1379.7647130202208,1
0,1,1415.5004005867843,1288.9377538967112,1
3,2,1525.4687381259787,1530.2037482852684,0
0,1,1488.969424884621,1534.4946500831384,0
2,2,1505.9941662852982,1538.0401866521506,1
1,0,1583.140288770725,1458.0053988196257,1
1,0,1405.014151275018,1619.1777801768299,0
0,2,1481.105575821388,1463.2097747410382,1
2,2,1515.0968770728973,1533.6703215737896,0
0,0,1443.6672049940387,1547.5708980003262,0
2,3,1614.5181691141934,1637.499212779929,0
2,0,1572.6869441290519,1474.6376304168134,0
3,3,1523.2106661671005,1447.7445675016677,1
2,2,1643.538542346287,1380.148369246774,0
1,3,1380.0883776311887,1624.1893605329979,0
2,3,1499.3818975115455,1533.7128725638831,0
3,1,1529.306957514725,1536.244888471544,1
1,3,1426.8355962564863,1749.3363393059135,0
0,0,1524.0571633454183,1526.003579294904,1
3,1,1411.4734004969698,1395.8142875919975,1
0,0,1555.2445854619402,1484.3277140005619,1
2,1,1584.6267814503126,1422.0174072921077,1
0,3,1521.7866720902662,1468.3305284333783,0
0,1,1351.7761747948043,1467.7928317796313,1
3,0,1422.6565183067173,1453.038048714636,0
0,1,1545.176800257053,1388.5373995715681,1
2,3,1501.6958914809893,1627.4001306937837,0
2,2,1284.479790584601,1523.9078435550714,0
0,2,1599.4264307094593,1481.962237223981,0
0,1,1510.9325205003065,1560.6110263612595,0
3,1,1434.4740268799965,1537.6853819879514,1
2,2,1579.5964478053331,1522.0552586193637,0
0,2,1445.796798967448,1554.799845821346,1
3,3,1444.9238305916629,1510.7147795006924,0
1,2,1528.6682120811229,1553.6177165593274,0
0,3,1642.4830767393837,1560.248984070222,1
3,3,1629.8869742378308,1513.0174988026242,1
0,0,1528.7769199123286,1482.3684405203107,1
2,1,1536.9908527080256,1622.4318241163128,0
3,1,1563.319914566786,1461.7678768181254,0
2,0,1399.441305970452,1531.3050880341877,1
2,0,1551.5318669721587,1533.1126728591253,1
1,3,1441.2741225485177,1451.2353718189092,0
0,1,1525.4782453437265,1435.3742091750805,0
2,0,1481.802589791413,1471.6918383304119,1
3,1,1540.096666169137,1460.6226517459513,1
0,1,1509.4482772005167,1383.3495550688908,0
3,0,1254.157578334296,1447.880393398458,0
1,0,1514.3113369364144,1521.2978387707649,0
2,3,1551.372236183941,1601.275486731888,0
0,3,1535.6742678670762,1544.3513068138907,0
2,1,1491.7931243033136,1292.037240130381,1
0,2,1631.3729353544325,1551.3042971805862,1
1,3,1524.909850329733,1455.3478571283426,1
2,3,1535.0138640154485,1536.246405975021,0
0,0,1583.5593515240455,1498.8691792631498,0
1,3,1529.007439975728,1484.5849899130537,0
2,0,1428.1585797268638,1491.8211417630287,1
0,0,1304.93300689763,1498.2060553384176,1
1,1,1461.8303278385536,1607.5523977672194,1
1,2,1560.8756420704892,1498.427185033193,0
2,0,1471.7522934865756,1586.842890654496,0
3,1,1564.0942697825383,1575.1924692676525,1
3,1,1511.8982540736217,1553.3636438066922,0
0,1,1603.0452856209747,1357.0704943896258,1
0,3,1476.382663430347,1589.3306124929286,0
0,1,1537.409186125415,1463.367896469153,1
2,0,1540.4708051628288,1557.2581824859817,1
0,0,1620.1281498104954,1422.197373340767,0
0,0,1363.4690154932578,1405.1940765357394,0
3,0,1463.3273380357473,1658.111098946496,1
3,2,1567.8812884310803,1423.4413546529508,1
3,1,1623.6717183822918,1591.68853112414,1
1,1,1519.2057210113664,1509.4736257149216,1
2,3,1476.583666846281,1466.3903953311863,0
2,2,1560.5694694939557,1496.4136892535835,0
0,0,1569.4962140185346,1395.912440277495,1
2,1,1471.2270657066153,1498.8996496312616,1
2,1,1526.4245849742038,1413.3807748883232,1
1,3,1594.4421809929574,1468.3644964548812,0
3,1,1651.2367194619562,1574.0239651175661,1
2,0,1559.4083967388233,1520.3352541246127,1
2,2,1503.5311117332474,1381.4263600895583,1
2,1,1495.6739859169672,1568.1190501531096,0
3,0,1544.59172457549,1499.4320190472686,1
2,2,1490.746172601644,1456.625178527253,1
1,0,1515.171239921791,1559.7341043127144,0
3,3,1415.36989883753,1486.6234530418399,0
2,3,1603.7645757192927,1406.747092807543,1
3,1,1408.7852218281057,1647.8247769159684,0
0,2,1465.431059163759,1498.617004568721,0
1,2,1507.8074608681452,1493.4891836414226,1
3,2,1659.278950391091,1467.5915862615527,1
2,0,1466.1853612118139,1594.397259156607,0
3,1,1446.7187348831683,1458.0097193486367,1
0,0,1455.9346466132965,1376.4016112950717,0
0,2,1632.711773408905,1445.7057870483218,0
3,0,1275.0122405195184,1606.1419680363833,0
1,2,1419.780959028113,1566.5705729165693,0
2,2,1718.503096732764,1479.598747787211,1
1,3,1547.270565879331,1609.8604113312379,0
1,1,1411.5212040528625,1559.8353783057505,1
3,0,1496.6465614260183,1478.6728509092316,1
0,2,1505.3963652854288,1486.7272115919136,0
3,0,1567.6900196724484,1526.3454185556348,1
3,0,1647.1601602258052,1433.4490440268946,1
2,3,1531.0841345023373,1500.3604052407482,1
1,3,1456.8169357589632,1524.6810691690632,0
0,2,1562.9667553678564,1365.0427009113168,1
2,3,1444.1397842509712,1484.8543741945682,0
1,0,1417.3330003208775,1475.755505170745,0
0,0,1359.2072902434843,1582.245441596826,0
1,1,1374.789728439968,1352.4402404951172,1
3,0,1428.2843875100582,1469.4795184237032,0
1,3,1405.7768185839304,1461.459628210833,1
0,0,1525.0589221899775,1576.805677113728,0
2,2,1404.0478539340772,1496.5162744508086,0
0,3,1248.5066958380205,1643.6875716521895,1
3,2,1416.4870580328427,1552.977070552511,0
3,0,1462.2512281822865,1467.1821604648385,1
3,1,1451.5640409702428,1519.1726957247167,1
3,2,1621.5619743447348,1471.6744952504434,1
0,3,1450.916595256868,1568.7516872392337,0
0,1,1570.4738770559359,1393.424182936719,0
1,1,1498.481392025531,1434.1043218742934,0
1,3,1496.615621946192,1536.4551934843937,1
3,3,1433.169576892157,1598.0605158978897,0
2,1,1495.2973878735386,1323.8425123088641,1
2,0,1438.7923098482067,1609.9576972792333,0
3,2,1513.6019451403656,1488.7891897257596,1
2,3,1481.100029390105,1349.2900030450269,1
1,3,1424.429765344672,1259.8617726488528,0
1,1,1579.3515471760477,1377.6491147353377,1
2,0,1534.147238401714,1498.4236115323679,1
0,2,1464.15498126862,1494.7281569752893,0
2,3,1511.6394437628248,1550.6560347767447,1
2,3,1493.294198279843,1456.041025795123,1
2,0,1430.5927250189382,1411.3567562843064,1
2,1,1505.639698321693,1466.9530889871285,0
3,1,1450.31905961541,1502.688822952926,0
3,0,1424.405293150392,1518.4618235964222,1
2,3,1370.178613578678,1436.8668240582076,1
1,0,1471.3114117169096,1572.1157360268287,0
0,2,1545.3576527666978,1450.2882582620773,1
3,3,1444.4272517296913,1430.4226110140078,0
3,2,1701.6566953726376,1456.6086792425367,1
2,3,1570.8548522922185,1585.9872140562086,1
3,1,1604.3464106128383,1489.3762837647473,1
3,3,1563.6194409659006,1444.4389197544183,1
3,1,1648.2291979950858,1574.0886200358834,0
2,0,1437.0398413221967,1671.4198831958997,1
0,1,1295.1410091473103,1516.7746107447158,0
0,1,1464.3099513317693,1598.7073968692348,0
0,2,1544.657486043803,1582.8862360459832,0
1,1,1512.1213577398382,1451.5488198673333,0
2,1,1522.0378088774228,1502.1307344380987,1
1,1,1605.6728002135899,1397.3964296236811,1
0,1,1530.564605957,1483.6046186910692,0
0,2,1563.9130342072817,1449.9047704699422,1
3,1,1424.8349806517792,1467.7691234259491,1
3,3,1412.3685048627171,1440.008397489573,1
1,1,1629.129113841959,1477.0322553443546,1
3,3,1508.0721228117654,1542.578614901193,0
2,1,1450.1416653243093,1490.4406471648003,1
3,0,1450.2884405162306,1350.8501441795693,1
3,0,1448.0701502689394,1440.310354808121,0
2,3,1443.2832783163326,1378.4480517953398,1
1,3,1397.3481757917073,1519.5248180785413,0
2,0,1379.9663678223594,1540.265389124335,1
1,2,1484.3996497876465,1520.5238577483333,1
1,2,1452.565930374368,1437.007648536049,1
2,0,1588.5727428354637,1519.7483143304974,1
2,1,1523.4461322613533,1462.39085953849,1
2,2,1521.2254144062385,1408.9419640199799,1
1,3,1440.550367395644,1559.3543935767145,1
1,3,1490.317726737602,1565.4422202979017,1
0,0,1528.8800882905152,1575.9116384866804,0
2,0,1557.295659177014,1451.3321119974034,1
2,1,1492.4886538785308,1594.3489850154463,0
3,0,1586.3299023459367,1460.5134198937546,0
2,2,1500.6391447126355,1552.280105723081,0
1,0,1563.4277694814143,1459.126987058666,1
0,0,1460.811823312868,1482.0814269003383,0
0,0,1354.9929306745087,1306.3057714088648,0
1,1,1521.4687190414818,1475.8469428466467,0
1,3,1558.0259250517302,1507.2871973428023,0
1,0,1546.0277865446055,1467.1960306108929,1
1,3,1533.7749329149951,1640.4950454468112,0
3,1,1472.113042723601,1407.002713173978,0
0,0,1435.4602998843527,1454.9135010316859,1
1,1,1544.1382615235025,1427.6101912011318,1
0,2,1534.115793295862,1454.8978416803623,0
1,0,1455.1280727324938,1582.5130450352565,0
2,0,1588.7539351353646,1618.242543546157,1
0,3,1429.370758836192,1443.9365911264847,1
1,2,1453.3181296967168,1442.1593965821437,1
0,1,1630.914016987333,1407.4297081124869,1
3,3,1569.486555018713,1604.5028309215443,0
2,3,1471.3592555287182,1589.6803525533041,0
0,1,1522.990456771484,1491.5214560008972,1
0,2,1512.383379561907,1388.3120642954495,1
0,0,1280.3508908018098,1395.4669947634998,0
1,1,1427.4820840421294,1513.6503560307674,0
3,2,1495.9322706312576,1543.94703347572,0
2,0,1471.4710818752555,1334.7084155983082,1
3,3,1519.7682051864335,1474.2952071569694,1
1,3,1590.3585850358336,1629.4636711645908,0
1,1,1474.277137227686,1482.5992634695772,0
1,1,1415.3876163101709,1619.1710472632499,0
0,0,1525.9881326808836,1551.9236903164547,0
3,2,1473.8701333145757,1413.2576319331713,0
0,0,1487.5149199342477,1476.5862965318515,0
1,1,1476.6581024677537,1489.7044609164238,1
2,2,1679.347024000879,1423.7990745525194,1
0,2,1320.7436591201645,1422.4105581751246,0
1,2,1468.9332877493882,1620.541487369485,0
1,0,1499.7048779481286,1421.811150424564,0
1,3,1437.5086006173776,1586.2748861126945,0
0,2,1571.9860665702627,1465.0812417307986,1
0,3,1565.0606142975712,1497.9488536093463,1
0,1,1496.1796305209168,1544.9475534590858,1
1,3,1478.3460995725045,1452.1153061676257,0
0,1,1491.0434532614681,1545.4323450795628,1
3,3,1491.6170677081752,1336.2856240361293,0
0,0,1493.730157749939,1535.176591073171,0
2,0,1484.960071878656,1302.5175900342692,0
2,2,1520.1959451673915,1481.8522618641234,0
1,2,1560.2569651862293,1568.3394388254792,0
3,2,1401.5791881921139,1549.78362448467,0
0,1,1415.946888061348,1396.1271616830447,0
0,3,1360.1185576413181,1406.4268483125186,1
1,1,1569.311792028608,1444.9062367741892,1
0,2,1520.025863455237,1514.8972689886507,0
1,3,1540.4214012746218,1337.4453447965038,0
1,2,1385.6401409309226,1498.9421139321153,0
3,2,1642.795849830411,1524.9143499040051,1
1,3,1451.2919273483715,1477.3570255303214,0
3,3,1513.4564645689004,1542.0256774442441,0
3,1,1568.3507728542697,1517.8979326660963,1
3,1,1421.0416195363143,1456.6676592480883,1
0,0,1456.2940513189867,1345.1048511792408,1
3,2,1514.33374196807,1510.6730465256658,0
2,3,1728.5978460371766,1423.7539707816018,0
3,1,1524.089979428162,1453.7325900110764,1
1,1,1628.5088920504575,1538.329937437047,1
3,0,1596.4538516153564,1613.386670674748,1
2,1,1529.4408029195615,1496.9551901246393,1
0,0,1420.8643382695457,1544.3251869156697,1
1,3,1584.7802888654587,1384.4416527077688,1
0,2,1380.1511726681563,1519.6418864796028,0
3,0,1628.0700098941675,1495.207524985827,1
1,0,1516.0004246574604,1598.3382064500945,1
0,3,1287.9821162161459,1456.7633219176994,1
2,3,1472.759512397453,1480.6689906270103,1
1,3,1552.3158256738352,1584.7051573706235,0
0,0,1481.0380901568187,1492.637296608428,1
3,0,1557.200464879486,1411.2926894970185,1
3,0,1431.9980665830165,1704.1306618632098,0
2,3,1395.5214101769914,1413.7125789330614,1
2,3,1494.2843677561916,1494.8239934760381,0
1,3,1502.525253383193,1527.735052482049,0
2,0,1472.1292519150143,1521.4094007224892,0
2,0,1598.1832917313754,1484.8205036794882,1
0,3,1431.9834099888753,1485.2191703578953,1
0,3,1525.0532485865879,1481.2054506969637,0
1,2,1505.43759769309,1410.7252913126902,0
1,0,1375.4627238291134,1672.0175371538182,0
0,0,1394.477585306519,1482.4007265829298,0
0,0,1500.9528812998906,1547.7544794258476,0
3,2,1658.495999894957,1473.2277713854717,0
1,3,1546.341584951905,1471.6189062115614,0
2,2,1361.9492139884294,1463.564506986428,1
2,1,1251.160954790453,1376.01233696086,0
2,3,1558.6442874403504,1487.1503087903384,0
2,0,1492.3029213657442,1467.4393876544457,0
1,3,1591.3012775608295,1593.7219607347822,1
3,3,1429.5425663430847,1404.2639905932388,0
1,2,1528.0169998286822,1453.8282257956116,0
3,3,1567.693877042229,1428.1247626596735,1
1,2,1464.2029089434814,1615.4024315209447,0
0,1,1465.9131543815147,1430.4473244116264,0
3,1,1502.0210264878713,1544.9839875780908,0
0,3,1543.4141077248264,1577.6129178724784,0
3,2,1498.853279639047,1488.3101670867673,1
0,0,1577.919707020759,1389.8551199247624,0
0,3,1463.0451848586376,1390.8676912989047,0
2,0,1393.7283835629512,1568.7811251836863,0
3,2,1658.1580294490543,1399.1524784960113,1
1,0,1451.6293010766044,1531.362128884793,1
0,2,1454.5246333025802,1509.1479287856478,0
0,1,1494.7357343142253,1530.1705987448822,0
3,1,1505.3744887723185,1537.726784627671,0
2,2,1469.0653086009374,1425.3063372465679,0
0,3,1498.6052882440792,1421.9577456788206,0
1,1,1496.8190214857461,1557.1941707280323,1
1,3,1513.9855461616646,1449.6524311548483,0
0,1,1311.4010032810147,1279.988120639588,1
3,0,1650.470104560628,1551.900423830709,0
2,0,1488.2169349172354,1417.0990969544985,1
0,0,1546.4498095557587,1537.3708702324202,0
2,2,1389.751892677278,1611.4257479453574,0
1,2,1462.31997910006,1501.3409965809558,1
0,1,1446.2147306943668,1579.6612665330824,0
1,1,1617.5779011606837,1512.3038144428963,1
0,3,1453.1349114531295,1626.9943462512917,0
0,2,1560.6463989552074,1415.0314312994315,0
3,0,1447.9663637861445,1499.342801566681,1
2,0,1463.7904848276844,1553.8529284033175,1
0,1,1480.3559867839451,1484.7670594391964,0
3,1,1602.707610146344,1592.1775197322136,0
2,3,1348.8117872775906,1465.4368368391376,0
3,2,1394.7469155780454,1665.549692130311,0
2,3,1344.2155867448146,1669.7758003417796,0
1,2,1412.999830419084,1522.565759698184,1
2,1,1435.0719959046314,1544.2080944283693,0
2,2,1370.8414996727688,1595.333714849971,0
2,2,1441.2681802708264,1405.0242080826106,0
0,2,1338.8228415253268,1395.0399988337767,0
1,0,1418.5609020985855,1600.5135131086108,0
0,2,1596.033631992816,1521.91907782984,1
1,1,1532.2870456224882,1481.879580321617,1
0,3,1514.9974137738022,1500.8898642304928,1
0,3,1419.777715497671,1309.1166822108744,0
3,2,1377.1132032764222,1484.75501484344,0
0,3,1408.8675139572576,1439.7562608645421,1
3,2,1496.5432138483188,1573.4457306892066,0
0,0,1569.4541423781334,1579.6024622707205,1
3,2,1572.1893933708257,1546.1344187303928,1
1,3,1550.4489889986667,1531.6366919039313,0
2,0,1440.9954508745645,1380.2122601023787,1
1,0,1501.963986592319,1547.25144639975,1
1,1,1474.2925975970204,1550.3518356418708,0
1,3,1483.90481892042,1599.6154123014985,1
2,2,1662.970231756785,1669.4567849944158,1
1,3,1359.039981039711,1364.5951461142713,1
2,3,1481.225854726219,1468.921853950543,1
3,2,1596.9399125756925,1440.6186690273885,0
1,2,1382.728680397317,1513.800575070806,0
1,1,1448.5002059787,1501.072148657443,1
0,0,1457.6769201945888,1481.2734341535884,1
1,1,1482.1368222356812,1582.208348912094,0
0,2,1372.3234272315026,1411.8868631055373,1
0,0,1547.6228848270432,1416.7102826085916,0
3,0,1553.3029826010516,1418.0619783121567,1
0,0,1540.6700260014359,1471.173793005921,0
1,2,1430.3701060567134,1401.7127827270524,1
3,3,1506.9208632629836,1496.1142808960583,1
3,3,1428.044780834473,1486.7607844295308,0
0,1,1473.392267138279,1437.0787908800735,1
0,2,1672.2774341736701,1569.9013003244957,0
1,3,1507.6556302077004,1495.239957737061,0
2,2,1404.9978739210262,1585.0117891225443,0
3,1,1514.426827253113,1484.3960119036453,1
0,1,1391.8563259149353,1498.0644089414916,0
0,2,1404.079168598799,1454.9774076254632,1
1,1,1416.7101491240967,1499.4362767571613,0
3,3,1464.4552438243454,1556.9785044905636,0
0,3,1574.9575196471362,1467.0932614183762,0
1,0,1546.2718558413471,1541.4729570027732,0
0,2,1541.8396262597862,1434.9802431163407,0
0,1,1412.0860347527566,1560.7240452417768,0
3,2,1456.6948515651482,1453.6075338150458,1
0,1,1521.7600885506552,1568.134389858324,0
1,1,1449.734401168927,1504.8781233946931,1
3,1,1477.730684775912,1621.6762986712852,1
2,0,1535.3086954023959,1407.6745818996633,0
0,3,1472.0981855038958,1381.9058581350505,1
1,0,1518.084767128162,1450.7026203219546,0
3,1,1627.4182764815655,1389.231124157255,1
1,0,1486.2512960810402,1389.3812084457377,1
2,0,1594.3470247775365,1549.7240608367902,0
2,1,1544.7496053845887,1499.6656965269874,1
2,3,1382.6206405210587,1461.6255218636593,0
0,3,1411.829037658918,1469.0429922155654,0
3,1,1433.3123293544083,1452.2209868538928,0
3,2,1431.6132066453774,1632.0295334255236,1
0,3,1492.776820311455,1441.159543388557,0
3,0,1549.1715238465458,1394.229288153336,1
3,3,1600.4126733363778,1563.6840493989062,1
2,0,1524.6540070980066,1482.7395501321744,1
1,0,1464.3456355157432,1663.101895105431,0
1,1,1333.42070050961,1457.9035488964691,0
3,0,1505.647166033387,1567.6787343805433,1
0,3,1502.0616154955992,1586.5757864479444,0
3,3,1514.6343002831165,1458.2931334238397,0
3,1,1668.4992238162667,1440.5663385672772,1
2,3,1599.2477236954458,1559.3093224744723,1
1,3,1562.8048734599988,1545.9913534331145,1
2,3,1423.033829594272,1387.151191943126,1
0,3,1458.9604200642605,1409.7251490956223,0
3,2,1492.41243144572,1297.0855996041596,0
1,0,1437.9674300791717,1547.6309483183043,0
0,3,1540.0371619988096,1479.0538245491405,0
3,2,1528.5527079372564,1487.0279663219774,1
2,3,1412.9353765556245,1364.6844721838518,0
2,3,1595.7453367276898,1412.151811752854,1
0,0,1508.1848267047087,1461.7632869945946,1
3,1,1361.67430826062,1446.2139519881744,1
2,0,1495.8925713324024,1509.4268860414104,1
3,0,1522.4965164738323,1546.6774501305451,0
3,3,1577.8233889148592,1681.5690055428158,1
0,3,1473.0018877498708,1498.398637597526,1
0,3,1566.2350613957765,1589.2322130477557,1
3,3,1514.9713589416172,1433.602177841618,0
2,2,1394.7956312769936,1366.0042948019716,0
1,2,1386.786658121399,1471.81586826319,0
1,3,1589.8047896119479,1372.1822625700606,0
2,2,1595.6787342705416,1501.1738533735283,0
3,2,1525.832738432378,1437.5636700393068,1
0,0,1619.6565376944022,1343.6582890596333,1
2,2,1584.5287879233285,1638.8820116688141,1
3,3,1554.6902983583777,1456.9950629515695,1
1,2,1427.0950809013063,1368.990455764464,0
1,1,1638.5143000825874,1571.853743240583,1
3,0,1542.9041145766619,1441.7108509968573,1
0,0,1469.1328980310702,1587.213282695253,0
1,2,1446.5383995755762,1441.328453225756,1
1,2,1520.5427025211086,1456.7281847789761,1
3,3,1366.3152732129236,1527.5865367581637,1
0,3,1555.973862028229,1547.4575504563288,0
1,1,1423.7143348244779,1561.478698987248,1
0,3,1529.6486487059428,1492.8207089016537,1
3,2,1458.2703730113471,1542.2893377243668,1
2,1,1478.8465029820236,1559.6502885538737,0
1,3,1439.4472101787949,1516.0455310853479,1
1,0,1487.1016455055358,1488.5873509388564,1
0,2,1651.1503636813884,1384.3764041415095,0
3,3,1610.8047701638911,1547.9339325423991,0
2,2,1528.3583163996366,1503.373895931292,1
1,3,1497.9764587548038,1466.9107318119434,1
1,0,1567.5360952554308,1602.2213090873329,1
2,2,1590.3976315286045,1385.7733093669347,1
2,3,1433.6145294233977,1631.5229052291909,0
1,2,1493.8048905894238,1498.2181377092427,0
1,3,1354.2433416345536,1525.401454280232,0
2,1,1589.8481688208717,1468.3964708375784,1
2,2,1665.2019406160684,1366.6341669981337,1
2,1,1506.4066099698468,1488.8312081227377,0
0,3,1329.9991900077587,1526.7795925514233,0
1,0,1548.7112413261625,1554.0980357122075,0
2,1,1427.6728667080736,1484.157344124888,1
3,0,1446.9320446668432,1324.5968127036465,1
2,2,1550.1261111832803,1376.66709243339,0
1,0,1520.3643300410179,1664.1615699010636,0
2,1,1460.9512979729118,1412.5971212982308,1
0,3,1448.0315493918667,1614.1639566591366,0
0,1,1510.0668844176666,1425.2730610065923,1
2,0,1467.2427557990106,1485.4035272217707,0
3,0,1411.2610293117593,1550.0166607679923,0
3,0,1473.3949454817312,1434.38444427353,1
2,3,1527.1674098604146,1627.3772108607243,1
0,2,1485.7517226544294,1506.058268645473,1
3,3,1386.9193121401452,1536.8680677039736,0
1,0,1579.125169710043,1478.5914393584699,0
1,1,1280.8950850445333,1552.6976229613672,1
3,0,1464.2907875977253,1626.303419187989,1
2,1,1450.3841236356868,1489.4971249901428,0
2,2,1511.8543102297133,1638.3770232599388,0
1,3,1544.9329446242189,1451.0723353296705,1
3,1,1590.1411846608828,1561.1276831481368,1
1,3,1443.0076101318273,1539.129146899444,0
2,2,1546.9265869866786,1414.5134341854105,1
3,1,1515.665471030517,1517.1047763709867,0
2,3,1363.076849985342,1500.5892750280298,0
0,1,1652.0432204347287,1431.7446258978523,1
1,0,1384.897989820784,1528.64019473553,0
1,3,1533.5597817847772,1511.7031636886813,1
3,3,1531.1967955358198,1494.1930442154226,1
2,0,1522.050942586326,1494.5138024753053,1
1,3,1460.4338494270714,1492.7991792861105,1
2,3,1566.1802120912403,1470.5840303002938,0
2,3,1375.1706020845525,1511.1867276011985,1
1,1,1494.7336969060862,1448.4868630108977,0
1,2,1454.8900258758033,1712.5447593176,1
3,2,1445.8161646346375,1387.2533403627747,1
2,2,1534.2998229962836,1453.2211138212433,1
0,2,1586.1982834175747,1459.5406316338447,1
2,2,1472.5395390530507,1663.239473145963,0
2,2,1562.4544871940623,1394.3892280018001,0
2,2,1503.979253235568,1534.0737838388889,1
2,2,1428.5814232609594,1519.8715252037232,0
3,0,1479.3638325407148,1526.6881843739638,0
1,0,1476.0411287366708,1598.907453008875,1
1,3,1444.2672069995642,1597.266348779767,1
0,3,1534.2786342924667,1463.9234538783905,1
2,2,1518.7716950163808,1515.5213959595192,1
1,0,1372.7480241384465,1350.8718374278285,0
1,3,1367.8779203808513,1507.9274406817544,0
2,0,1533.9747562564603,1436.4808457734464,1
1,1,1434.7770856964373,1485.0894059231587,0
1,1,1524.1632924080259,1365.1702508146643,1
1,0,1562.4745262487352,1532.389782937526,0
1,3,1398.3237730075552,1364.2745043539514,1
0,2,1387.0770196339051,1511.8627685433269,0
3,1,1633.9545345916235,1401.879552558196,1
0,2,1528.1256626369968,1432.028717189129,1
1,0,1466.4607474661384,1592.378568203613,1
2,1,1425.284763788299,1547.0334356730898,0
0,2,1459.1647320874176,1591.9362510136434,0
2,1,1404.754213110935,1624.7781706001033,0
2,3,1570.6729739272473,1438.1729034288187,1
2,0,1437.8599077114943,1619.9177329952697,0
1,0,1587.4827670573013,1382.7595475056878,1
0,2,1467.949686418399,1559.6880267635922,0
3,3,1416.5319853106148,1460.5329828320023,0
1,1,1465.8958729588958,1425.5759885888547,0
3,0,1290.0666577998866,1549.1575893843553,0
0,3,1490.3385138660794,1575.596122013537,0
0,1,1486.3904647095874,1573.2214709317236,0
3,0,1565.9794197238375,1517.1887911115834,1
3,2,1349.0956057613296,1510.5565841063392,0
3,1,1592.9493088690838,1542.1493268559923,1
3,3,1565.6479435998124,1524.3011260413753,1
0,1,1600.163485095893,1543.3084671668785,0
3,2,1495.782289919669,1516.3199568888572,0
2,2,1581.1117467282204,1567.4227059605091,1
0,0,1382.3004772074476,1369.8233754759658,1
0,1,1557.0438052163627,1489.4981219930892,1
3,0,1438.3069790320044,1389.292280492353,1
1,2,1367.887853406165,1522.1361614083908,0
3,3,1410.068758546851,1631.354414068296,0
0,3,1500.4424910903417,1462.0732174442426,0
1,1,1434.0560633425916,1510.1801624237771,1
1,1,1530.085882535664,1560.518937193731,1
1,2,1355.3409955996785,1334.582165458678,1
2,2,1329.8321965107311,1458.231161428465,1
3,3,1609.790994731486,1529.161252741828,1
3,0,1572.3040103521148,1268.2404219474179,1
2,0,1416.0562531268954,1421.8553205540022,1
0,1,1499.7600285223568,1588.0686378705032,1
3,1,1581.5605648161059,1580.239752036058,1
2,1,1533.5360486632485,1529.945458189608,0
2,3,1511.8578476946782,1570.5758111954542,0
2,0,1587.6123265050078,1517.208338753717,1
3,3,1441.5430019839023,1544.4315925953852,1
3,2,1502.4942758931702,1474.7477032927509,1
2,2,1498.5721089366086,1509.2650146337674,0
2,2,1478.1790361863166,1449.4103690867341,0
2,0,1468.8155590863398,1601.078667534585,1
1,2,1505.8294590262792,1621.7247527601762,1
1,0,1502.7525996788422,1610.3930240557659,1
2,2,1416.125788597238,1467.351299065771,1
0,2,1564.1436727920359,1423.698076850793,0
1,2,1421.8891833786993,1602.1578928600131,1
2,1,1482.541324436226,1543.512576207313,1
3,1,1476.3775621823959,1526.2867473218914,1
2,1,1528.6482890127372,1449.3094332043884,1
1,0,1330.4716847826135,1534.0531050109412,1
1,2,1571.2727851943566,1413.1777552270453,1
2,0,1445.8407721910269,1550.7249884863227,1
2,1,1597.5970635821643,1610.3109359684968,1
0,2,1461.7468060387077,1630.4836435126363,0
2,0,1496.0925131412791,1556.6819243287853,0
1,3,1653.102883205474,1389.4382760303104,1
2,1,1477.8129432965065,1515.7864104756818,0
3,0,1599.1079907738767,1671.174539524617,1
3,2,1503.1236068451649,1430.5110727646172,0
2,2,1533.2335064234792,1495.2654741671827,0
1,2,1505.59668715291,1613.081948144078,0
1,3,1567.82813010401,1549.3707137658869,1
0,1,1445.1574709717559,1698.4125059588084,0
3,3,1421.2761181584651,1441.3704493417129,1
3,1,1448.9139047698382,1420.8195371407342,1
3,2,1507.9768301059273,1597.930034866814,0
1,0,1482.3344971559736,1404.3297097382772,1
1,2,1556.8219901176942,1484.2585608945972,0
3,1,1604.3785359857216,1494.748276411234,0
2,2,1421.9329330211992,1582.8791578708738,0
2,3,1441.2840966708854,1549.1414374420197,0
1,3,1385.1008465349717,1536.565193134149,0
1,3,1662.4298392607284,1467.8055297678666,1
2,0,1524.373559929746,1597.2003215265554,0
3,0,1538.3841856041263,1822.0659234181812,0
1,3,1392.7833291975162,1555.3025679138332,0
3,1,1499.90640087945,1507.973776603747,0
0,0,1540.7398387530468,1396.170962320627,1
1,1,1479.779384757246,1449.0014840546278,1
3,3,1586.0564499861116,1482.9031812842156,0
3,1,1684.9464900514263,1457.2319807786293,1
3,0,1424.2349738324838,1498.7137732378521,1
1,2,1418.2330203218642,1642.241286144583,0
3,0,1429.779514757714,1599.7733533895387,0
3,1,1628.4959328013192,1487.2933826825397,1
3,0,1583.3884253623748,1403.337604426731,1
0,2,1489.157774576508,1606.989411432193,1
2,1,1502.92477315207,1496.0756581230908,1
3,3,1434.6765099042623,1361.8799659518115,1
3,1,1571.2021726194548,1556.994409479443,1
0,0,1469.6078540713156,1582.0549347386773,0
3,0,1479.1938768436,1305.9273276052265,1
0,0,1548.7031817223406,1434.0356286293677,1
1,1,1484.9604049533423,1491.1636790953828,1
2,0,1481.2027205201723,1558.7608729046894,0
1,1,1500.8460164423261,1458.7402732300664,0
2,3,1563.6284331034462,1433.4286478420852,1
0,3,1631.7194460387066,1558.1735399744225,1
2,2,1546.8388985796867,1462.5342101348672,0
2,3,1564.2651378899413,1543.3643720438959,1
2,3,1484.01167503191,1411.0787476020328,0
1,2,1443.3761709465027,1391.8133584610882,0
1,3,1552.3188985788092,1560.4215326056317,0
1,0,1513.6992659680457,1520.201592825377,0
1,3,1386.18970810002,1573.7964586588967,0
2,1,1473.7544301259522,1457.3925599262845,1
1,2,1493.3682381214758,1436.3915758016203,1
1,3,1459.1633706377218,1608.8575110032727,1
1,1,1618.5388475633702,1378.1632988804424,1
0,0,1538.3871229521774,1600.11685673445,0
2,1,1609.8539934310918,1605.6403765985906,1
3,1,1521.0740209321727,1568.807161141286,1
1,3,1506.5110269140062,1444.9753986391643,0
3,3,1425.07217459118,1434.6780930619711,1
2,2,1500.9543626557254,1483.195538160144,1
0,3,1501.044314054035,1396.396825853488,1
1,1,1390.6308892772613,1423.0644800997122,0
0,1,1456.8378024183685,1551.5787433207238,0
0,3,1474.137392118691,1551.9479291379325,0
1,2,1533.0783635244577,1416.0340138772035,1
1,2,1536.9080089588565,1554.089754824006,1
3,1,1453.4945214427837,1536.3442644591844,0
0,2,1537.5095682033507,1620.7909003661682,1
3,3,1485.4336856521186,1545.5309153494018,1
0,1,1270.4303980116035,1584.6864842987502,1
0,0,1461.2238374438766,1538.1662072744168,1
2,0,1586.3190912113903,1578.394328775775,1
3,0,1365.4555394697857,1397.030627474578,1
2,1,1509.0152960332432,1490.260443431127,1
0,2,1626.8208971348229,1496.8813785417976,0
0,3,1439.1509637591616,1480.5000042451775,1
1,0,1500.1719264342148,1535.510930425338,1
1,3,1395.6786994217664,1550.75037235966,0
3,2,1630.1784913330857,1531.3805661656918,1
1,0,1493.333389840271,1485.844489502293,0
0,1,1503.7301474235214,1441.14159361239,1
3,1,1608.3440372404498,1587.7748859324988,0
0,3,1552.9182715716386,1527.9786253291068,0
0,3,1429.949701400261,1418.5108913280474,1
1,3,1448.2177660730147,1484.5049966680301,0
1,2,1539.594504361864,1360.536025783411,1
2,1,1450.0703155949648,1502.8296491477954,0
3,1,1330.6205350303578,1484.1296045921124,1
3,3,1495.7407361088738,1454.042643971573,1
1,0,1381.5829871100152,1626.7680151842824,1
3,1,1629.302540285098,1407.507670436631,0
2,0,1514.1430110210522,1556.5114361345868,1
0,1,1427.585995460514,1674.93665287455,1
3,1,1444.1094068270038,1586.181432297335,0
0,0,1348.8481929700863,1497.4768974321787,1
2,1,1412.0430490575598,1409.2745088461338,0
3,3,1581.3058562032559,1391.0350258732435,1
0,2,1678.5428916393912,1467.0758644033983,1
1,3,1558.1117210559166,1445.0399412868874,1
1,3,1492.6365969103176,1442.4362472833495,1
3,3,1465.4432499476866,1473.8949235623004,0
0,1,1423.480334913891,1491.820232569145,1
2,3,1664.7812719471792,1538.8169558116238,1
1,3,1484.90010385085,1400.9763024430056,1
0,3,1669.2503864050004,1445.420496309356,0
2,1,1611.481560768805,1487.2262333742015,1
3,0,1360.736285492298,1484.3611845261385,1
2,2,1446.7238083392567,1646.9138965930738,0
0,3,1446.4763900660942,1518.5797274179085,0
0,3,1493.6122908715408,1370.9128150432462,0
1,2,1495.1748597508997,1533.4545089269411,0
2,0,1739.6991276318513,1543.6530978195183,0
2,1,1413.8217700420194,1489.989757740421,0
0,2,1518.3175948531511,1402.9282660472638,0
2,2,1549.3206193974243,1640.644375625077,0
1,1,1499.8742396424643,1414.4092869134995,1
2,1,1508.8144462225086,1552.8617765132747,0
3,0,1416.415288455473,1516.0040423251148,0
2,1,1508.5188955682145,1548.0648439223817,0
0,2,1540.9119196939498,1636.5486339333863,1
3,0,1526.2080467416904,1544.9311097712828,1
0,3,1545.6160723129674,1455.3068618365173,0
3,0,1613.0086320508985,1588.4793820102368,1
0,2,1574.9573233531473,1449.5120439964705,0
2,1,1505.703569079795,1513.0846409116214,1
0,3,1406.2593318493377,1396.553311358737,0
0,3,1451.9995780231104,1417.3375018130598,1
2,2,1482.4295078466068,1504.110933634895,1
2,2,1520.1876665073157,1529.4469366864698,1
0,2,1461.7333790800485,1363.8087501847176,0
3,2,1425.1413440652518,1539.7829894400531,0
1,0,1404.944104870373,1434.4456818721362,0
1,1,1367.9057792755575,1602.3750412536933,0
1,0,1481.2039436980344,1471.8428456940394,0
1,1,1382.4267646343756,1410.110218436001,0
0,2,1419.9579452674086,1506.0643646367403,0
1,0,1468.4878501724559,1426.7011999137019,0
0,0,1393.1266152486853,1601.51561131465,0
0,3,1530.3801750798957,1500.042416602648,1
1,1,1559.217845088455,1487.8658701525371,0
2,0,1456.045838417968,1547.3440815144806,1
3,2,1465.0378153912,1419.6042048639765,1
1,2,1542.9943816111263,1396.867707573719,0
1,3,1442.8803922212257,1532.668126355331,0
3,3,1437.3812870722163,1412.0263433592952,1
2,3,1595.7198782549033,1411.9991877000434,1
3,2,1570.735019097023,1566.940482497671,0
3,1,1548.1240001875135,1542.0051287987153,1
3,3,1574.0515697115275,1399.6936366037671,1
3,1,1341.8177019706109,1450.4691165646932,0
1,1,1608.3068437434486,1427.7014755242944,0
1,3,1531.3649693266993,1642.1055438432463,0
1,3,1580.8625107204589,1572.4808342056488,0
0,1,1530.972942329309,1466.332412319578,1
2,2,1503.9139859744125,1546.0955751474794,1
2,3,1477.9752630110356,1391.5051051255336,0
3,3,1529.3715501508964,1446.1883079048405,0
0,0,1475.0601672876357,1508.389061275351,1
1,2,1569.430088005209,1536.178459931673,1
0,0,1373.083468435824,1492.2032699589245,1
3,3,1456.6739310564578,1519.841080857138,1
1,0,1663.5858598781317,1506.2669167962501,1
0,3,1449.9135629142086,1486.9138078382146,1
2,0,1480.9053021549219,1476.3083526247285,0
3,1,1429.393525331994,1465.8988101857772,1
3,0,1526.867653830866,1518.555000690287,0
0,3,1441.0988087886244,1532.8652471359565,0
1,1,1485.151125215436,1515.8687333855066,0
0,2,1567.9093228828056,1405.7122359999153,0
1,0,1444.0989264948148,1420.085771908545,1
2,1,1563.0888895412177,1531.9105444758454,1
1,3,1565.7783452448284,1617.7338640536702,0
0,3,1584.3964875775434,1512.1932369247004,1
2,0,1511.2432795934433,1467.0665270018405,1
0,1,1759.3007261581429,1517.9472364354222,1
0,1,1584.3626957233666,1409.0542861989256,0
0,2,1525.9902099525461,1604.715452522917,1
0,2,1429.9260468734612,1514.9275315606424,0
1,0,1492.2352699300686,1446.443422943156,1
3,3,1614.1061581520028,1486.65636271257,1
3,0,1636.7627692501014,1457.8371014349107,1
0,1,1618.2663280352183,1604.9335981453467,0
0,3,1562.8153845383695,1483.8207928442353,0
1,2,1399.5471834963541,1512.4292596892474,0
2,1,1538.9729454260537,1545.8981165321034,1
2,3,1400.68780975576,1440.7386716988367,0
3,1,1381.0023045295393,1515.4967572908126,0
1,2,1519.1326947661792,1521.954845551537,1
0,0,1541.85595578158,1375.6736943183503,1
0,0,1572.2701678784645,1520.2157191022088,1
0,1,1539.7708992308876,1496.3390348045489,1
0,2,1542.5268788594199,1510.3973033692798,1
3,3,1421.22779320061,1502.8503770792454,1
1,1,1491.6018652252267,1520.7335898360066,1
3,3,1379.430657149241,1606.9874580540927,0
2,2,1339.7304696479844,1405.6394070331912,0
2,0,1559.251416787446,1472.6278131599663,0
1,2,1439.7500484967234,1553.329490317027,0
3,2,1569.7998801714443,1538.4740694182328,0
0,1,1588.6678062304031,1536.7524442673666,1
0,1,1450.4546140301443,1720.286177253867,0
1,1,1547.2248875644239,1549.1308419293364,1
1,2,1447.1074617109086,1590.475023700402,0
2,2,1352.3296900298542,1475.4342352917993,0
2,1,1509.8647523553966,1420.5670100882173,0
2,1,1462.3300896227393,1474.8546056613093,1
1,1,1464.7928791530294,1556.9568137074723,0
1,1,1658.027449427642,1532.546228386334,1
3,1,1377.9314413813863,1532.2601096479104,1
0,1,1530.6296908297177,1482.8524490562297,1
2,2,1420.4154210284198,1470.0957904949619,1
2,0,1572.660912741386,1485.6114204565379,0
3,2,1523.8744988940052,1557.958036013217,1
2,0,1530.347547934449,1567.2581942536335,1
1,1,1424.4088305918192,1419.5006680263018,0
1,3,1438.7529669369342,1560.9874047545159,0
1,3,1574.1800405876709,1447.9423015395016,1
1,2,1641.6638177382051,1537.5137321472844,1
0,2,1538.424625377935,1484.642740603001,0
2,0,1428.2063423382854,1625.2630839391188,0
0,1,1527.1150817969656,1466.5540296815084,0
2,2,1694.1977635470087,1514.2889472715826,0
3,3,1508.193824857513,1548.5274526047542,1
3,2,1616.9472687514879,1430.0832919901695,1
0,3,1440.773650732903,1494.1714355658444,1
3,1,1496.6331158690891,1478.673209230149,0
0,0,1549.5652164900434,1458.894921327522,1
1,0,1531.7862646610292,1464.822159881341,1
0,2,1438.6889055911072,1588.9611678509436,0
0,2,1435.238603429552,1452.1159412191732,0
0,1,1579.0627522482127,1545.3126306137285,1
0,3,1595.3240650120115,1525.1676001624915,1
3,2,1620.9714846497536,1388.241590737986,1
0,1,1644.3144386602294,1541.5335550741154,0
1,0,1510.7695549058078,1386.9189432193843,1
2,2,1475.1040604614725,1550.2473462532128,1
3,2,1608.0792751022775,1459.4246685495323,1
3,0,1557.0455425481268,1500.6693802605162,1
0,1,1421.4035793065927,1396.457604029893,1
3,1,1417.309146758487,1509.7905858883853,0
2,2,1539.3544161085047,1574.1560334376495,1
0,0,1485.81802708128,1435.4427657581903,0
1,3,1497.8856036207442,1451.426633108479,0
3,1,1585.8026691768155,1536.3696818853991,1
1,1,1560.7229715988028,1538.3694658917552,0
0,0,1606.3898598734745,1305.2656561273195,1
3,3,1345.4771114901307,1661.2325091026219,0
3,0,1520.271833377696,1542.2842786838664,1
3,3,1555.5750817917765,1555.753492996237,1
3,1,1377.8731314649854,1488.5167642670388,1
3,3,1447.6083486952023,1351.5717193158205,0
1,0,1432.7611870136866,1553.977764900019,1
0,0,1501.7358536847933,1454.784957741529,1
2,3,1630.228317495525,1543.5145355346672,1
0,3,1661.8071523731921,1482.4959143789818,1
1,2,1434.8569957541374,1519.0431503293103,0
2,0,1542.1245800394859,1438.0002894872605,0
3,3,1544.703828171385,1569.1511154143145,0
1,1,1531.01006172118,1404.9296768433862,1
1,3,1531.9183707791387,1679.6455540271352,0
2,3,1524.2994001961063,1679.035890798961,0
0,3,1635.0056096645135,1630.615966837321,1
2,2,1588.1973211494446,1602.0383188619608,0
2,2,1415.1876881921387,1493.2361313413087,0
2,2,1563.6576864704439,1593.3237364597767,1
1,0,1571.3898699609163,1492.3058801379098,1
3,1,1525.197382972143,1375.7185966203754,1
1,2,1590.5139496402185,1620.256113122455,1
2,3,1515.045922743923,1590.3059570338005,0
1,2,1516.0374176861,1497.4928713875652,0
0,2,1509.6992435741636,1401.985259413508,1
2,0,1338.5404731360265,1453.103945873682,0
0,1,1493.56812848753,1354.3083532089993,1
3,2,1446.5399540436345,1575.6064682094382,1
2,3,1405.0841617445953,1371.7352826508657,0
1,1,1614.7214627791618,1522.946469611734,0
1,0,1540.3366014827566,1432.504532177625,1
2,1,1497.6135135244363,1385.863724400042,0
1,0,1454.8157319118059,1519.0684074622857,0
1,2,1523.6935667702992,1473.2960491750375,1
1,2,1579.3148874654012,1567.0551284340295,1
1,3,1433.8427325162447,1398.5915785017035,1
3,3,1499.6137302178713,1439.4148283620943,1
0,0,1569.4453199080938,1308.9886233207287,1
3,0,1345.1199096732696,1325.252265413766,0
1,1,1495.3944190075676,1643.855392798281,0
2,0,1465.6566903561968,1666.6878595279736,0
0,3,1489.2936113795972,1507.4180964179163,0
1,0,1459.8697154902477,1434.093698727479,0
3,0,1511.0099684165837,1476.1240859607915,1
1,3,1653.8901776338175,1569.8859361989091,0
0,3,1474.086202085716,1458.8488784142364,0
2,0,1523.3368807275285,1519.010709363335,1
0,1,1659.579713472729,1498.9795159615,1
1,2,1455.9987537301956,1454.4949863933714,1
1,2,1645.1740279143175,1457.9045803206502,1
2,3,1500.4258405301687,1523.4656697348407,0
2,1,1642.5516980691941,1421.8489490890047,1
2,0,1560.0160899957054,1536.1383476498813,0
3,1,1524.5686690065938,1462.2736832280655,1
0,2,1494.7495454490731,1510.1893843718585,1
1,2,1450.0766848096632,1610.7170052934848,0
0,2,1506.0633239971482,1486.5446363818437,0
0,3,1571.788916721602,1573.5843472153595,0
0,3,1498.9510855202664,1356.6373715292937,1
2,1,1474.6701755950514,1462.3709589087525,1
3,1,1479.9373972657781,1502.2150896860858,1
3,2,1579.3981290866443,1653.8664543365167,1
2,1,1598.0129164079885,1343.2038333392088,1
3,1,1446.6279588985303,1492.3032110485779,0
0,0,1446.512971404201,1616.535108073301,0
3,1,1530.348713573369,1437.1983675786503,1
3,2,1622.2025651805805,1482.9728951659463,1
0,3,1591.6792246650048,1526.5391188044432,1
1,3,1399.851823025607,1514.7606842978223,0
3,1,1478.873922400651,1625.2616380363531,0
1,0,1425.551715624839,1535.8779048058586,1
3,0,1478.5989982467793,1606.2218316411374,0
3,1,1628.3527996828284,1471.199331415207,1
1,2,1386.1919480973586,1440.7579670999762,1
0,3,1370.4907765375847,1481.9421445584292,0
1,3,1433.7156677253117,1407.2717525305918,1
0,0,1522.9848482060795,1538.6809356968076,1
1,2,1549.6603856512606,1469.1297509795804,0
2,1,1534.9958747889227,1446.256888001802,1
1,0,1594.0548322584814,1539.89267276968,1
0,2,1358.9531524612858,1408.502737762057,1
1,0,1595.066923068715,1561.6401771084636,1
2,1,1475.0323743962967,1461.7330089206912,1
0,2,1558.5195447843894,1592.7277155275347,1
0,1,1394.1259658589436,1468.5809937416345,0
3,2,1500.3965357607256,1550.552773324634,0
0,1,1518.901661647121,1514.3649899018324,1
1,3,1592.4600829998735,1559.512149897159,1
0,0,1373.1796301913787,1508.7957513718102,1
0,0,1502.4602038827923,1366.9282070125405,1
1,2,1413.1811767086285,1580.7034831393705,1
2,1,1540.439683536662,1492.9853662033674,0
0,2,1562.17732291649,1563.161286188385,1
0,0,1602.973619400647,1555.2197181495085,1
0,2,1457.19764365533,1438.1362815190926,0
2,3,1574.1781188551033,1426.8163675859762,0
3,0,1608.8721269981643,1552.4284081159203,1
0,1,1368.5402424115628,1475.7400776471588,1
1,3,1548.987593607876,1574.9143423573198,0
1,2,1576.6809003024084,1485.7439245709581,1
1,0,1479.301889089005,1581.872782195863,0
0,0,1403.1381137979913,1533.864358736728,0
0,3,1575.436460488773,1523.037999497132,0
2,3,1404.0392937953795,1470.079104100778,1
1,1,1485.731885239128,1518.5942091249212,1
1,1,1496.7900753757337,1595.4282171962168,0
1,3,1557.24304413632,1495.6627633069345,0
3,0,1449.8694752389974,1542.4939554947084,0
2,0,1445.2333048937717,1503.7088060999765,0
1,3,1507.913238301049,1509.9683234196336,0
0,0,1580.51123820958,1637.8728605550639,0
3,3,1682.9960000522517,1596.138402483164,0
3,1,1379.401504017698,1506.3523052156575,1
0,3,1525.2273614229262,1517.1563270348827,0
3,0,1413.0771979012566,1443.8503597159224,0
2,3,1581.5048994565395,1486.1622762988038,0
0,0,1424.9164362152615,1524.7518230038893,1
3,0,1446.028142545414,1568.0490871655302,0
0,2,1452.8583312748804,1559.9376717528735,0
0,2,1493.9040849024157,1411.2592755276391,1
0,3,1525.8558077486966,1578.1586184542905,0
1,0,1538.696111488681,1492.8981056497958,1
2,0,1499.5385963053773,1421.040691545797,1
1,2,1393.6087182047536,1606.9107789945538,0
0,3,1558.222892024815,1617.0623197390362,0
0,1,1495.7633069069577,1521.0997585872528,1
3,3,1592.938783201176,1556.7034881524187,0
3,3,1443.380897641605,1561.3959366995546,1
3,3,1371.8180218119205,1611.66177222498,0
0,2,1497.277919785354,1558.245482034538,1
3,2,1603.6762150627412,1393.7849378049145,0
2,2,1512.8753709292841,1660.7846199176902,0
2,2,1484.0264160661716,1585.2525511584035,0
0,2,1430.3722385874053,1459.2380635781788,1
3,2,1640.6213173344659,1417.6299942114072,1
1,1,1417.6317924092177,1540.3850744323267,0
0,2,1441.9684593897407,1477.7391969305936,0
0,3,1545.6027356867219,1526.3996283199167,0
1,3,1351.5183448090568,1559.472547302261,0
0,2,1601.9672532305071,1454.6846489602563,1
1,0,1549.9354491373883,1410.711360585253,1
1,2,1571.9384857448888,1530.8654774297584,1
3,1,1544.6493609559723,1457.3289715778421,1
0,0,1487.1101186034905,1511.687662858592,0
2,0,1414.9481031875662,1392.533885043019,0
3,2,1488.7939647020032,1479.825382042029,1
3,3,1421.9810950597891,1557.1961512831997,1
3,2,1538.8924248061107,1548.4746006117437,1
0,1,1564.542386443848,1436.9313623301384,0
3,0,1618.1446904958566,1406.5388504545558,1
3,2,1529.741411244229,1501.2610951801435,1
1,0,1573.966028527615,1544.8826237615526,1
1,3,1476.2284210215887,1532.4140112154041,0
2,3,1461.7378289593444,1459.0272124510952,0
1,3,1537.893751265344,1523.8259553989283,0
1,1,1469.0821701826474,1620.1884377020797,0
3,0,1521.5348631062127,1516.4115749847222,0
3,1,1415.1046248531663,1369.3481651345105,1
1,3,1429.469785401896,1516.2560270480515,1
3,0,1550.8327440814633,1663.5165576970087,0
1,3,1570.9352060324877,1397.0087349507523,0
3,0,1421.1475064826654,1502.3779729463217,1
2,0,1553.6491448405136,1481.8931653574293,0
1,0,1457.3811461571781,1507.6706367420052,1
0,3,1501.3204140960247,1515.5401722523018,1
2,2,1613.3555532632517,1591.1977588850339,1
1,1,1564.598978721836,1506.7826629120648,0
0,2,1563.6697590417755,1602.1807645769638,0
0,2,1652.7032286765573,1490.5875472970813,1
3,2,1443.689652716016,1471.9890580820293,0
0,2,1421.1300020005963,1446.4653613569114,0
3,0,1442.2302183817128,1354.6330376703877,1
3,1,1479.639915727471,1522.0625129540672,0
0,2,1311.6359508566486,1664.3200230777475,0
2,0,1483.4057410642552,1536.658838182869,1
2,1,1456.434341448407,1554.9397883329343,1
1,0,1562.700781391824,1466.9574939988436,1
2,3,1528.1935503208033,1480.4533286981064,1
1,0,1451.944269778453,1578.771319066661,1
1,0,1547.1968676290323,1660.6954912231856,0
1,2,1557.8610447859016,1619.0358348637455,0
3,0,1438.516336816687,1564.4195703782418,0
2,1,1460.5580595694066,1502.8120463512407,1
1,1,1321.9709450321614,1516.777513141386,1
3,0,1412.7472020504572,1439.7194144457396,1
3,3,1440.6024351661138,1384.1465982957875,0
3,2,1505.9332941284817,1409.8561313792047,0
2,0,1424.3693856512148,1503.984002761755,1
1,2,1458.9238410360713,1476.6406190858659,0
3,2,1401.973545473392,1382.4446636224252,0
1,2,1513.6891118825017,1497.0141296760212,0
1,2,1534.0571675667927,1474.5255740427244,1
1,3,1532.1892278735859,1406.1720915772735,1
3,1,1500.9888905524208,1470.3856791503943,1
2,1,1376.7141602798883,1474.3237599426925,1
1,2,1450.4037068885718,1450.6690288060427,1
1,3,1467.4154662145213,1574.1336131820751,1
1,2,1467.73637496635,1347.7678750325351,1
2,0,1505.9984974391868,1341.1360807431224,1
1,1,1614.0433097896814,1500.2628627559272,0
2,2,1564.967697014768,1507.6901751513844,1
1,0,1420.9985776121043,1532.3372108815179,0
1,3,1554.2722300237306,1456.8821193376725,1
3,3,1551.224189413259,1426.5660955926135,0
1,3,1435.5146021638748,1499.4147093844042,1
0,0,1567.9092738108352,1464.6737491721603,0
1,2,1487.169869124379,1624.0857123724556,0
2,2,1387.2037207988444,1474.0618200059846,0
0,2,1536.4162179709713,1495.7451878626337,0
1,3,1517.356945889162,1698.0334511678354,0
0,1,1481.7857896651337,1484.419181861545,0
2,2,1497.003753201336,1544.4925492159273,0
2,2,1442.473161688923,1551.7047546709082,0
3,3,1548.8104403037687,1558.5121314974572,0
1,3,1496.523949239286,1523.1589812329003,1
3,1,1513.3159075158583,1515.5072635528409,1
0,3,1528.5713539543099,1508.0267431869693,0
3,0,1407.633150845894,1453.9204878212981,1
2,1,1428.4573582494359,1526.0415042271416,1
3,2,1323.2044432307032,1662.2916669939673,0
3,0,1545.1793806792325,1596.8545527170845,0
2,1,1403.0231981002587,1524.3134417779709,0
1,2,1510.605576791652,1568.4663838484792,1
2,2,1529.6790579951642,1430.4659273015477,0
3,0,1548.1882271114016,1479.1590276640225,1
3,1,1403.6786468931152,1575.8279875347243,0
3,0,1494.7870705487446,1618.9733754766553,0
0,2,1633.6224336630198,1438.3307062323697,0
2,1,1637.1451743987452,1461.3129352461474,1
0,2,1578.985847522156,1674.5100635102829,1
2,2,1526.9994511055072,1507.7008999815178,0
3,3,1419.5914888923699,1645.8689578160304,0
0,0,1557.4897300312841,1516.5485853820635,1
2,3,1487.3583017002527,1519.6944225860348,1
3,0,1544.8422620218275,1475.5607289872082,1
3,0,1449.3725236118307,1575.4044113208183,0
1,0,1486.1653509728058,1608.62220402432,1
0,0,1513.131788806114,1417.1998215887306,1
3,3,1519.7022473195086,1471.803955822365,0
3,0,1539.4978171568198,1573.2062819499376,1
2,2,1453.664401238008,1489.6361089772538,1
3,1,1392.5372438311838,1460.5291625173431,1
0,0,1629.9828031919835,1580.763372309552,1
2,1,1699.1403335218686,1588.276256377001,1
0,0,1535.7936568961902,1464.0286327462288,0
3,1,1394.0806324215912,1516.9893222390356,1
2,2,1438.1443906525699,1403.3220163276615,1
3,2,1540.7294055240775,1428.361527161704,1
2,1,1607.289248934503,1509.9332185706703,1
0,3,1402.9687492366515,1502.5125430063874,0
0,2,1490.053374332088,1422.6499126615493,0
1,1,1515.6745651555175,1442.722086021954,1
2,1,1569.16627610287,1414.7964504035554,1
0,0,1472.5119124479697,1536.4047885530567,0
3,3,1374.894824694246,1342.588864264648,0
0,3,1549.6958047562323,1419.0738216351842,0
1,1,1589.9836772136991,1350.9646761734143,1
0,2,1493.392683060387,1533.5216483086385,0
1,2,1532.4192073045144,1355.7813159956238,1
1,2,1462.0407016458344,1502.5383358828433,0
0,0,1432.3381764219284,1631.1619212597939,1
2,3,1582.1140544437776,1633.874718501672,0
3,3,1530.9996678251568,1355.5273944656942,1
3,3,1539.2294879521505,1523.8727681304765,0
1,3,1620.169211839569,1420.8822962895636,1
3,3,1415.6126132545141,1404.5491171431793,0
3,2,1455.8378985472461,1490.922403648794,0
3,0,1512.6346679067756,1598.26329255465,1
1,1,1454.8549409791005,1547.9727099376287,1
3,0,1562.650922821796,1442.7887257213695,1
2,0,1485.0080623276813,1556.4027197928,1
0,3,1420.5973754002248,1320.5033334494656,0
1,3,1505.261734015013,1439.7643361253408,1
2,2,1513.627101664543,1434.0886764238999,0
0,2,1574.7745650317065,1506.2656553391146,0
1,0,1531.4512722517939,1483.7737629072,0
3,0,1536.8917113087869,1488.6823125104092,0
0,3,1525.623334720578,1486.0224375915088,0
1,1,1484.9421982966455,1501.792579279127,0
0,2,1442.702470791099,1543.210477356658,1
2,1,1523.10706813275,1511.9464820881906,0
0,0,1473.3500187293087,1477.2518546716353,0
3,3,1635.1858096352812,1532.1398623843825,1
0,3,1607.3745835818575,1566.0898834922211,0
3,2,1550.6271305881287,1455.5179287421897,0
3,1,1530.2773551434389,1495.247781546186,1
3,2,1492.9632759215058,1592.9525250437268,0
3,3,1399.1101014922292,1411.7791458186114,0
0,2,1482.7062221342428,1644.3761757004754,1
3,1,1508.1120026724204,1392.867602020834,1
2,1,1518.356517955573,1472.3708311036212,1
3,2,1537.562909361266,1423.984800249919,0
3,1,1573.7064158302148,1675.03415974955,1
2,2,1444.6276742645707,1459.7319976922279,0
1,0,1445.353951423279,1459.9327074777175,0
0,0,1616.0685343794528,1470.3401008048065,0
0,3,1561.678527135452,1507.648224631516,1
1,1,1468.7383246293343,1473.7246576876391,1
3,1,1491.4231064838211,1489.369055630208,1
2,2,1491.782884266008,1217.663203758101,1
1,1,1502.5259297825107,1504.5727868801462,1
0,3,1537.8146473790891,1501.4245297189316,1
2,0,1702.7994196879865,1583.0855037929914,1
2,3,1515.1805248930123,1604.724875862352,0
3,0,1553.00785203402,1484.9833550886563,1
2,1,1365.0818635047885,1565.2983265339165,1
2,2,1461.2080005776932,1411.8744975644154,0
3,3,1598.3052002173283,1561.3873874156884,1
1,0,1532.1852313085292,1454.2019360692339,0
3,2,1148.870833210813,1405.2242025495957,0
1,0,1553.9218561852958,1485.152905743676,1
0,0,1653.4531515703015,1612.0377957758224,0
1,3,1340.3273931104166,1514.4804429384678,0
0,2,1621.551014051641,1619.7190518142704,0
0,1,1278.2435495499258,1440.1013828947357,0
3,2,1575.0399156042731,1583.8280883638392,1
3,1,1499.3081099190208,1447.8271970210444,1
0,1,1312.0023027804307,1518.0262937191362,0
3,1,1535.691026179183,1517.3346262927532,1
0,1,1592.0671799321647,1552.9193387139337,1
1,3,1529.110960305726,1520.059249592906,1
2,1,1546.786210964769,1440.8652369742547,1
1,1,1467.0659110128752,1570.4245561674052,1
2,2,1351.0888195823181,1638.5325275460316,0
3,3,1555.349121786965,1453.2957262195105,0
0,1,1639.9803135557036,1353.1814338843974,1
0,3,1590.3664683381967,1539.9455654683031,1
3,1,1340.9699336318922,1473.505568475828,1
2,2,1378.8084474231252,1489.5117715235763,0
2,3,1432.3225806562127,1544.4942204584809,0
1,1,1372.5619638975886,1463.4886056139521,0
1,0,1503.535193564483,1478.4918422925064,0
2,2,1531.473264414442,1491.990438645073,0
2,0,1385.5797373406106,1617.5803150388012,0
0,1,1562.1702767420422,1502.4055683290865,0
2,3,1548.088315521601,1401.1461135348031,1
2,1,1456.1472700125037,1404.3297215087107,1
0,2,1486.1982411212812,1511.138393732768,1
1,2,1344.0159059477573,1409.6457599447217,0
3,0,1473.419027497034,1375.015721046067,1
2,1,1500.590797930426,1550.8428792747209,1
0,2,1513.499807618255,1554.7598722294915,1
0,0,1530.310152961614,1470.5490772884918,0
2,1,1519.5393394584457,1523.4927432921368,0
1,1,1478.8525042187464,1515.0497315356401,1
3,3,1522.8955954043454,1548.1935508775268,0
2,0,1580.1625594648199,1548.379992315184,1
3,3,1492.3601541352284,1291.536912997822,0
0,1,1525.4075912665342,1480.7600833214085,1
1,2,1485.1063149868705,1541.4323350542506,1
0,2,1448.2592866816342,1467.163472716879,0
2,1,1541.8303733534083,1502.8962111407861,0
0,3,1455.5819244663835,1560.055998534246,0
1,0,1530.8917520793752,1506.474018660173,0
1,0,1502.2604297208036,1620.6335533787894,0
0,3,1475.6852258783886,1590.1589001824898,0
0,2,1473.748573428267,1490.5148677622853,1
2,3,1459.350320606745,1484.1563063420176,0
3,1,1368.3359062328789,1271.974071583891,1
0,0,1530.6316076129353,1473.8798242487578,0
1,0,1518.5237460222656,1391.738488583158,1
0,1,1567.9736201958794,1517.6983633600498,1
3,0,1457.4834478154564,1512.2296568896002,1
1,3,1651.6306900381335,1555.668460482142,0
3,0,1469.6211241720293,1611.7336377558554,0
0,3,1429.9912286244244,1497.8984456262426,1
0,0,1420.5052064125869,1682.4333049538557,1
2,0,1361.286207741627,1518.5961156175922,1
2,1,1622.6102313914503,1395.1826885026694,1
3,0,1609.685391261493,1455.0342499911903,1
3,1,1548.0596130307806,1470.1802639753741,0
3,1,1428.3128953779376,1547.3701720922702,1
2,2,1644.9014145247295,1424.220007981656,1
1,2,1471.8624670782676,1476.1619293752483,1
1,0,1478.4779335018677,1487.116777536313,1
0,0,1614.980726434886,1464.1503353875564,1
1,0,1552.7128467584698,1564.9132305343774,0
1,0,1676.0882511003674,1551.3057110772284,1
0,0,1519.8977808255215,1593.3253708083166,0
0,1,1468.237536033702,1473.5179855111041,1
2,2,1451.0556093232162,1596.2022054118322,0
1,1,1352.2403058247498,1390.8802331218362,0
3,1,1477.7123381755036,1388.9292559208113,0
1,1,1591.5674671061904,1402.895865112703,0
3,2,1547.9067338124855,1500.7369354105672,1
2,1,1501.6246405248326,1596.1902493262205,0
0,0,1420.4052444946938,1451.8286335488297,0
0,1,1518.149841441019,1461.864527602845,0
2,0,1581.0250964156298,1482.718563575253,1
2,1,1534.4575405175988,1545.8262498710124,0
1,3,1513.3388135706687,1461.789975731634,1
2,1,1436.2433877375036,1457.32664336668,0
3,0,1569.374545128961,1392.3683789313848,1
1,2,1249.4476145004655,1454.2623111058303,0
0,0,1530.6276567092116,1594.1969402348266,0
1,0,1705.6257584755679,1507.274080678278,1
3,0,1379.3301290134523,1440.8116391801668,1
3,3,1480.6904436238908,1598.8915178183147,0
3,3,1499.367120790022,1453.182919835185,0
3,2,1462.9933748754738,1613.5964463585972,0
0,2,1582.9099394047184,1612.288558232008,0
1,2,1537.796081148424,1504.4809301099735,0
0,2,1512.1840298037855,1380.116037810265,0
0,2,1563.7818048935424,1683.1600492276605,1
3,3,1501.3400567257395,1530.9820845011636,0
3,2,1754.3891591058812,1474.0890380223527,0
0,0,1512.1077546925394,1576.4902331820044,0
2,1,1515.6225678791764,1556.1842229617077,0
2,3,1363.1625560341379,1604.8750679909153,0
0,1,1456.523973815726,1447.0121769056084,1
3,0,1591.7902145439848,1525.4778730219514,0
3,3,1393.1634519712102,1405.1303815804051,0
2,2,1327.3954260558437,1553.3067516592987,0
2,2,1502.585237695006,1498.164370429825,1
1,1,1609.6595605979983,1522.480740438945,1
3,0,1503.3904982956901,1488.2920220927624,1
1,1,1473.1100317898924,1479.920894352931,0
3,1,1351.3209649807216,1430.541506078823,1
0,3,1536.1803298161756,1563.2344171747386,0
0,1,1552.9020087106435,1619.176322939315,0
3,0,1357.461400071912,1455.4665312871932,1
1,1,1590.7625958957774,1544.2832403976877,0
1,3,1561.2556420713688,1534.5746899728194,1
3,1,1590.5852754037876,1500.6478249079087,1
0,1,1546.6820073466674,1377.8723413308226,0
2,2,1552.2946167049054,1395.8722119111526,0
1,2,1541.6576718961392,1437.5214439078743,0
0,1,1569.4777857200957,1328.8796221142454,0
3,3,1354.4993784700864,1612.6424583924493,1
0,2,1379.9152453102788,1529.416258334377,0
0,0,1441.1193679848184,1497.6031161280703,1
2,1,1489.6143862661957,1324.7811344585737,1
3,3,1531.0509538646543,1354.090331598368,1
0,1,1525.974532258308,1499.8126889450434,0
2,2,1589.3684649164825,1657.6391972387182,1
2,2,1591.8796238864281,1444.1084643301535,1
3,2,1430.2091913364966,1569.103841152995,1
0,3,1519.0860888040377,1461.607807386003,0
3,0,1432.173476182253,1504.4191407431094,1
2,2,1484.9402369317147,1597.1747079114346,0
3,2,1525.7433095238796,1472.3238695866764,1
1,0,1227.3030338822648,1444.7916073558295,0
3,2,1692.8995231711747,1613.4456443299812,1
2,0,1545.312694191798,1503.6446256890877,0
0,1,1452.3437379669276,1587.296407246893,0
3,1,1654.1895804184182,1445.180088529225,1
3,0,1472.2055063611044,1612.533936716878,1
1,3,1510.6015508662447,1521.8901819627688,1
2,0,1461.0307351681897,1534.7830100971728,1
1,1,1632.159346995467,1510.530344914334,1
2,3,1491.6012234955297,1459.5620014402798,0
3,3,1511.9587280591606,1499.8653751604022,0
3,0,1596.3025722420357,1464.5927809608506,1
0,1,1546.8111565968861,1576.7636850115828,0
3,2,1495.6521547892742,1483.755426634507,1
1,3,1588.831277788597,1380.279421776488,1
2,3,1703.0786583542363,1365.6461012008572,1
3,2,1525.3928359039537,1361.862547814366,1
1,0,1509.3408070298053,1549.4376606043154,1
1,3,1513.6501666895265,1407.8796550901245,0
1,0,1604.8343600665214,1524.0068620670854,0
3,0,1452.0641811973662,1510.925961399313,0
1,2,1477.7345952230671,1494.8233124072178,1
1,2,1377.0045640698686,1535.0724162705897,0
1,0,1405.290570988802,1512.6642829672421,1
0,0,1458.5759997841624,1283.221620577524,1
1,2,1495.5250404751662,1474.1099807321207,0
0,1,1641.5266660616096,1534.0082507250745,1
0,2,1542.8794243940179,1631.2226248604,0
2,1,1427.0337191848164,1634.9166093265999,0
0,2,1441.7615611708707,1390.9479589131795,0
2,1,1609.9798946584524,1472.021976054978,1
3,1,1590.1288278903353,1374.7108149033602,1
2,1,1502.2519928179363,1621.5908060088066,1
1,2,1464.5978827568933,1581.028496651884,0
0,2,1589.9946268563715,1528.047030949054,1
3,2,1420.5338298620252,1513.287588900817,1
3,2,1531.3624318446018,1610.4504880279578,1
2,0,1681.8127192714664,1596.906015580811,0
0,3,1516.4284545801165,1592.6435757324898,0
0,2,1437.9512416590717,1536.5343887825807,0
1,2,1532.8294962137231,1472.061736038867,0
0,3,1462.3993024787721,1561.3699865614046,1
3,3,1388.4707324997269,1565.283352420409,0
0,2,1556.0828821497685,1484.7490024326432,1
1,3,1589.4267520439778,1471.9000864932607,1
3,1,1475.1274662341941,1590.6650615646568,1
3,2,1469.8211460722982,1633.1292887015686,0
0,1,1423.0747687102537,1440.0483375268186,0
1,2,1488.0051519625947,1478.929865964162,0
2,0,1455.0105293661447,1528.0746461163758,1
2,3,1419.1173850637397,1538.9279198198888,1
3,0,1651.3735064319685,1458.2106912606964,1
3,2,1537.3194253399606,1650.6816504275234,1
3,0,1545.7916086423481,1533.7676212436138,1
0,0,1570.6719655145941,1542.5106726776442,0
0,3,1561.6828973407844,1640.7107265209404,0
2,3,1466.951203776263,1464.0750699804328,0
0,0,1521.8042098377173,1492.9254498846178,1
1,0,1478.4775612591473,1399.7342216782697,1
0,3,1535.0770899821327,1486.2119622197138,0
3,3,1527.335270876653,1380.885798085171,1
0,0,1469.3871791308638,1559.8279483354538,0
0,2,1393.656102166256,1533.5997400055994,0
0,1,1511.6989645572405,1477.8344554369169,1
0,2,1483.6584409754162,1491.9661033745722,1
2,1,1348.7702201832994,1560.9173132151193,0
1,0,1540.6129415110975,1409.1363130488082,1
3,1,1577.227368979422,1516.3334293962018,1
1,2,1702.268518016716,1555.9607845166995,0
2,3,1468.7041997343472,1357.4180738074206,1
2,0,1456.9030482760745,1554.7950404561616,1
2,3,1411.2463175648606,1366.0750029390747,0
3,2,1516.6913525189605,1490.5924412918773,0
0,3,1516.1854544446685,1406.928711672382,1
2,3,1435.09629321706,1614.4997263432012,1
3,0,1486.0056094396928,1407.4303156678122,0
3,0,1341.7067466488515,1367.9848086427694,0
2,3,1574.1101398266596,1510.6681713277053,1
2,0,1438.3456592262266,1466.903761598334,0
3,0,1497.2274918869616,1379.6315817068853,1
2,1,1385.8645262961777,1542.065215932388,0
3,3,1453.4117120430742,1340.6800750040256,1
0,3,1477.6327077185979,1417.10072219335,1
1,2,1499.0967322431336,1453.9825383663372,1
0,0,1538.3786012418009,1564.1777913724113,0
0,1,1615.1260066788977,1603.6374693610521,0
1,2,1558.6168754215485,1588.2225797862059,1
0,0,1576.9731634516995,1487.7380967630213,0
1,2,1615.688328795451,1305.8153404163875,1
1,0,1545.5766305218158,1531.2682416974847,1
2,1,1497.0634243504803,1617.645899137969,1
3,0,1580.7289525004044,1598.7032326250855,0
3,2,1585.8407428769326,1537.0359207794975,0
1,3,1551.8852670372828,1404.8397788529237,0
1,0,1383.6297922371118,1457.9754397097267,1
3,3,1432.6831877524282,1654.705151899654,0
0,2,1478.0116716775613,1386.6616372268693,1
2,3,1562.369681658872,1408.172701747969,0
1,3,1498.2922864743553,1575.4041240932227,1
0,0,1590.9494906760451,1465.5072604155578,1
2,2,1605.2189302995425,1405.4595902236301,1
1,2,1595.9336374941765,1622.2376942978412,1
0,0,1596.443245158423,1536.8844782516112,1
2,1,1417.0404876273026,1469.4559068498259,1
0,3,1538.610839956462,1408.3380131280387,0
2,2,1451.3976767235667,1663.792525108795,0
0,1,1368.074693491264,1498.0438545002714,0
1,1,1477.002309435533,1611.7862449975596,0
3,3,1605.9789572501802,1571.4906835687552,1
0,1,1536.859360809477,1458.3278750669413,1
3,0,1661.4247497284714,1458.9647108008176,0
2,2,1514.178411621449,1615.7051918347136,0
3,3,1695.8242202874326,1617.0013866095983,1
0,0,1514.2016980413641,1349.8467219103413,1
2,1,1501.798423692299,1543.9824208785753,0
3,1,1397.6487929662803,1490.3028156221105,0
3,0,1588.8450192234213,1417.3341469649195,1
0,2,1459.8299896847616,1520.9396875773757,1
3,1,1448.236188847302,1392.0322567210885,1
0,0,1602.4984451010057,1462.683571628312,1
2,1,1592.6578135036766,1436.1221013784025,1
1,3,1590.5641093768543,1460.01669886752,1
2,3,1471.0247092756015,1494.2817205070407,1
2,2,1495.9219307755798,1418.754667047561,1
0,1,1495.2116481843318,1625.8543223098638,0
2,3,1562.6014544537918,1539.46265867153,1
3,0,1624.2851734795383,1643.5650422705644,1
1,2,1529.4517244158726,1487.1936024737583,1
1,2,1657.9912868285887,1456.0968030162312,0
3,2,1571.7755534426449,1640.6732491594423,0
0,0,1481.2160484708465,1453.7552208100813,1
1,2,1566.296912490318,1485.73663824087,1
2,2,1636.4752222967018,1557.6037928397852,1
1,3,1659.8631186673067,1400.9819353362177,1
3,0,1594.9513075679265,1556.903574783492,1
1,2,1502.05395629264,1546.6677652931683,0
3,3,1482.6645396755264,1601.5460254430266,0
0,1,1546.0855602849113,1571.2035602408114,1
2,2,1633.9179596216836,1603.9982682302057,1
2,0,1534.701529777156,1491.1662479593272,1
0,2,1536.362549749505,1430.9863745034352,1
0,2,1504.1118283453675,1668.798833126669,0
2,0,1473.768714989503,1377.8643507582426,0
2,0,1487.0292394684866,1385.8789536900954,1
2,2,1510.8340788196424,1545.2102432407064,0
0,0,1637.4479996991859,1629.998883854188,1
2,1,1480.8228977175359,1515.164067673133,1
3,0,1504.2089660729105,1579.9442959761764,0
0,3,1430.7697871674793,1340.3357818022432,1
1,2,1557.3304853178524,1460.0364030255091,1
1,3,1609.3343342974626,1350.0841754285393,1
3,0,1629.9598276765405,1562.4328766582928,0
1,0,1516.2691619756567,1376.221493872879,1
1,2,1545.9483426623387,1397.7744923173882,0
2,2,1487.715974226397,1541.1220163969122,0
0,3,1542.2414943755618,1584.9459481614183,0
3,3,1525.117212199937,1487.2825513416626,1
3,3,1504.661150980119,1545.6138003286808,0
2,0,1511.0202953821704,1543.0230533498475,1
2,1,1536.1537826714919,1482.7658512446023,0
2,3,1476.467805212355,1412.4235613691,1
3,2,1480.6002566337572,1545.1913125507715,1
3,3,1636.5889610937243,1549.0476552620066,1
1,2,1716.8437415077105,1571.5219522472207,0
1,0,1403.6506441172764,1524.9653139263119,0
2,1,1399.2423036499154,1406.520006921654,1
0,3,1423.427773775348,1555.2272129095345,0
3,2,1491.7369267969157,1499.8895135817327,0
3,0,1571.6624408829805,1461.3810044541326,0
2,0,1547.3002353638617,1476.429133024503,0
1,3,1513.7624909424376,1444.7794257287696,1
1,3,1542.314843756632,1571.1075023083542,0
1,3,1444.6331074697305,1386.5508213135984,0
2,0,1480.4701782597904,1420.5211252154866,1
